[2026-05-13T01:50:51.560Z] info: kubernetes.yaml was copied to the config folder
[2026-05-13T01:57:56.931Z] error: Host validation failed for: 100.73.67.43. Hint: Set the HOMEPAGE_ALLOWED_HOSTS environment variable to allow requests from this host / port.
[2026-05-13T01:57:57.294Z] error: Host validation failed for: 100.73.67.43. Hint: Set the HOMEPAGE_ALLOWED_HOSTS environment variable to allow requests from this host / port.
[2026-05-13T01:57:57.299Z] error: Host validation failed for: 100.73.67.43. Hint: Set the HOMEPAGE_ALLOWED_HOSTS environment variable to allow requests from this host / port.
[2026-05-13T01:57:57.301Z] error: Host validation failed for: 100.73.67.43. Hint: Set the HOMEPAGE_ALLOWED_HOSTS environment variable to allow requests from this host / port.
[2026-05-13T01:57:57.306Z] error: Host validation failed for: 100.73.67.43. Hint: Set the HOMEPAGE_ALLOWED_HOSTS environment variable to allow requests from this host / port.
[2026-05-13T01:57:57.309Z] error: Host validation failed for: 100.73.67.43. Hint: Set the HOMEPAGE_ALLOWED_HOSTS environment variable to allow requests from this host / port.
[2026-05-13T01:57:57.315Z] error: Host validation failed for: 100.73.67.43. Hint: Set the HOMEPAGE_ALLOWED_HOSTS environment variable to allow requests from this host / port.
[2026-05-13T01:57:57.370Z] error: Host validation failed for: 100.73.67.43. Hint: Set the HOMEPAGE_ALLOWED_HOSTS environment variable to allow requests from this host / port.
[2026-05-13T01:57:57.374Z] error: Host validation failed for: 100.73.67.43. Hint: Set the HOMEPAGE_ALLOWED_HOSTS environment variable to allow requests from this host / port.
[2026-05-13T01:57:57.377Z] error: Host validation failed for: 100.73.67.43. Hint: Set the HOMEPAGE_ALLOWED_HOSTS environment variable to allow requests from this host / port.
[2026-05-13T01:57:57.441Z] error: Host validation failed for: 100.73.67.43. Hint: Set the HOMEPAGE_ALLOWED_HOSTS environment variable to allow requests from this host / port.
[2026-05-13T01:57:57.861Z] error: Host validation failed for: 100.73.67.43. Hint: Set the HOMEPAGE_ALLOWED_HOSTS environment variable to allow requests from this host / port.
[2026-05-13T01:57:57.938Z] error: Host validation failed for: 100.73.67.43. Hint: Set the HOMEPAGE_ALLOWED_HOSTS environment variable to allow requests from this host / port.
[2026-05-13T01:57:58.038Z] error: Host validation failed for: 100.73.67.43. Hint: Set the HOMEPAGE_ALLOWED_HOSTS environment variable to allow requests from this host / port.
[2026-05-13T01:57:58.042Z] error: Host validation failed for: 100.73.67.43. Hint: Set the HOMEPAGE_ALLOWED_HOSTS environment variable to allow requests from this host / port.
[2026-05-13T01:57:58.045Z] error: Host validation failed for: 100.73.67.43. Hint: Set the HOMEPAGE_ALLOWED_HOSTS environment variable to allow requests from this host / port.
[2026-05-13T01:57:58.047Z] error: Host validation failed for: 100.73.67.43. Hint: Set the HOMEPAGE_ALLOWED_HOSTS environment variable to allow requests from this host / port.
[2026-05-13T01:57:58.050Z] error: Host validation failed for: 100.73.67.43. Hint: Set the HOMEPAGE_ALLOWED_HOSTS environment variable to allow requests from this host / port.
[2026-05-13T01:57:58.052Z] error: Host validation failed for: 100.73.67.43. Hint: Set the HOMEPAGE_ALLOWED_HOSTS environment variable to allow requests from this host / port.
[2026-05-13T01:57:58.056Z] error: Host validation failed for: 100.73.67.43. Hint: Set the HOMEPAGE_ALLOWED_HOSTS environment variable to allow requests from this host / port.
[2026-05-13T01:57:58.066Z] error: Host validation failed for: 100.73.67.43. Hint: Set the HOMEPAGE_ALLOWED_HOSTS environment variable to allow requests from this host / port.
[2026-05-13T01:57:58.068Z] error: Host validation failed for: 100.73.67.43. Hint: Set the HOMEPAGE_ALLOWED_HOSTS environment variable to allow requests from this host / port.
[2026-05-13T01:57:58.072Z] error: Host validation failed for: 100.73.67.43. Hint: Set the HOMEPAGE_ALLOWED_HOSTS environment variable to allow requests from this host / port.
[2026-05-13T01:57:58.087Z] error: Host validation failed for: 100.73.67.43. Hint: Set the HOMEPAGE_ALLOWED_HOSTS environment variable to allow requests from this host / port.
[2026-05-13T01:57:58.145Z] error: Host validation failed for: 100.73.67.43. Hint: Set the HOMEPAGE_ALLOWED_HOSTS environment variable to allow requests from this host / port.
[2026-05-13T01:58:58.164Z] error: Host validation failed for: 100.73.67.43. Hint: Set the HOMEPAGE_ALLOWED_HOSTS environment variable to allow requests from this host / port.
[2026-05-13T01:58:58.174Z] error: Host validation failed for: 100.73.67.43. Hint: Set the HOMEPAGE_ALLOWED_HOSTS environment variable to allow requests from this host / port.
[2026-05-13T01:58:58.225Z] error: Host validation failed for: 100.73.67.43. Hint: Set the HOMEPAGE_ALLOWED_HOSTS environment variable to allow requests from this host / port.
[2026-05-13T01:58:59.498Z] error: Host validation failed for: 100.73.67.43. Hint: Set the HOMEPAGE_ALLOWED_HOSTS environment variable to allow requests from this host / port.
[2026-05-13T01:58:59.679Z] error: Host validation failed for: 100.73.67.43. Hint: Set the HOMEPAGE_ALLOWED_HOSTS environment variable to allow requests from this host / port.
[2026-05-13T01:58:59.684Z] error: Host validation failed for: 100.73.67.43. Hint: Set the HOMEPAGE_ALLOWED_HOSTS environment variable to allow requests from this host / port.
[2026-05-13T01:58:59.690Z] error: Host validation failed for: 100.73.67.43. Hint: Set the HOMEPAGE_ALLOWED_HOSTS environment variable to allow requests from this host / port.
[2026-05-13T01:58:59.696Z] error: Host validation failed for: 100.73.67.43. Hint: Set the HOMEPAGE_ALLOWED_HOSTS environment variable to allow requests from this host / port.
[2026-05-13T01:58:59.701Z] error: Host validation failed for: 100.73.67.43. Hint: Set the HOMEPAGE_ALLOWED_HOSTS environment variable to allow requests from this host / port.
[2026-05-13T01:58:59.706Z] error: Host validation failed for: 100.73.67.43. Hint: Set the HOMEPAGE_ALLOWED_HOSTS environment variable to allow requests from this host / port.
[2026-05-13T01:58:59.710Z] error: Host validation failed for: 100.73.67.43. Hint: Set the HOMEPAGE_ALLOWED_HOSTS environment variable to allow requests from this host / port.
[2026-05-13T01:58:59.716Z] error: Host validation failed for: 100.73.67.43. Hint: Set the HOMEPAGE_ALLOWED_HOSTS environment variable to allow requests from this host / port.
[2026-05-13T01:58:59.718Z] error: Host validation failed for: 100.73.67.43. Hint: Set the HOMEPAGE_ALLOWED_HOSTS environment variable to allow requests from this host / port.
[2026-05-13T01:58:59.727Z] error: Host validation failed for: 100.73.67.43. Hint: Set the HOMEPAGE_ALLOWED_HOSTS environment variable to allow requests from this host / port.
[2026-05-13T01:58:59.729Z] error: Host validation failed for: 100.73.67.43. Hint: Set the HOMEPAGE_ALLOWED_HOSTS environment variable to allow requests from this host / port.
[2026-05-13T01:58:59.752Z] error: Host validation failed for: 100.73.67.43. Hint: Set the HOMEPAGE_ALLOWED_HOSTS environment variable to allow requests from this host / port.
[2026-05-13T01:59:01.975Z] error: Host validation failed for: 100.73.67.43. Hint: Set the HOMEPAGE_ALLOWED_HOSTS environment variable to allow requests from this host / port.
[2026-05-13T01:59:02.069Z] error: Host validation failed for: 100.73.67.43. Hint: Set the HOMEPAGE_ALLOWED_HOSTS environment variable to allow requests from this host / port.
[2026-05-13T01:59:02.073Z] error: Host validation failed for: 100.73.67.43. Hint: Set the HOMEPAGE_ALLOWED_HOSTS environment variable to allow requests from this host / port.
[2026-05-13T01:59:02.075Z] error: Host validation failed for: 100.73.67.43. Hint: Set the HOMEPAGE_ALLOWED_HOSTS environment variable to allow requests from this host / port.
[2026-05-13T01:59:02.079Z] error: Host validation failed for: 100.73.67.43. Hint: Set the HOMEPAGE_ALLOWED_HOSTS environment variable to allow requests from this host / port.
[2026-05-13T01:59:02.081Z] error: Host validation failed for: 100.73.67.43. Hint: Set the HOMEPAGE_ALLOWED_HOSTS environment variable to allow requests from this host / port.
[2026-05-13T01:59:02.084Z] error: Host validation failed for: 100.73.67.43. Hint: Set the HOMEPAGE_ALLOWED_HOSTS environment variable to allow requests from this host / port.
[2026-05-13T01:59:02.103Z] error: Host validation failed for: 100.73.67.43. Hint: Set the HOMEPAGE_ALLOWED_HOSTS environment variable to allow requests from this host / port.
[2026-05-13T01:59:02.106Z] error: Host validation failed for: 100.73.67.43. Hint: Set the HOMEPAGE_ALLOWED_HOSTS environment variable to allow requests from this host / port.
[2026-05-13T01:59:02.109Z] error: Host validation failed for: 100.73.67.43. Hint: Set the HOMEPAGE_ALLOWED_HOSTS environment variable to allow requests from this host / port.
[2026-05-13T01:59:02.112Z] error: Host validation failed for: 100.73.67.43. Hint: Set the HOMEPAGE_ALLOWED_HOSTS environment variable to allow requests from this host / port.
[2026-05-13T01:59:02.114Z] error: Host validation failed for: 100.73.67.43. Hint: Set the HOMEPAGE_ALLOWED_HOSTS environment variable to allow requests from this host / port.
[2026-05-13T01:59:02.136Z] error: Host validation failed for: 100.73.67.43. Hint: Set the HOMEPAGE_ALLOWED_HOSTS environment variable to allow requests from this host / port.
[2026-05-13T01:59:41.537Z] error: Host validation failed for: 100.73.67.43. Hint: Set the HOMEPAGE_ALLOWED_HOSTS environment variable to allow requests from this host / port.
[2026-05-13T01:59:41.539Z] error: Host validation failed for: 100.73.67.43. Hint: Set the HOMEPAGE_ALLOWED_HOSTS environment variable to allow requests from this host / port.
[2026-05-13T01:59:41.577Z] error: Host validation failed for: 100.73.67.43. Hint: Set the HOMEPAGE_ALLOWED_HOSTS environment variable to allow requests from this host / port.
[2026-05-13T02:01:50.106Z] error: Host validation failed for: 100.73.67.43. Hint: Set the HOMEPAGE_ALLOWED_HOSTS environment variable to allow requests from this host / port.
[2026-05-13T02:01:50.116Z] error: Host validation failed for: 100.73.67.43. Hint: Set the HOMEPAGE_ALLOWED_HOSTS environment variable to allow requests from this host / port.
[2026-05-13T02:01:50.128Z] error: Host validation failed for: 100.73.67.43. Hint: Set the HOMEPAGE_ALLOWED_HOSTS environment variable to allow requests from this host / port.
[2026-05-13T02:01:51.162Z] error: Host validation failed for: 100.73.67.43. Hint: Set the HOMEPAGE_ALLOWED_HOSTS environment variable to allow requests from this host / port.
[2026-05-13T02:01:51.365Z] error: Host validation failed for: 100.73.67.43. Hint: Set the HOMEPAGE_ALLOWED_HOSTS environment variable to allow requests from this host / port.
[2026-05-13T02:01:51.372Z] error: Host validation failed for: 100.73.67.43. Hint: Set the HOMEPAGE_ALLOWED_HOSTS environment variable to allow requests from this host / port.
[2026-05-13T02:01:51.377Z] error: Host validation failed for: 100.73.67.43. Hint: Set the HOMEPAGE_ALLOWED_HOSTS environment variable to allow requests from this host / port.
[2026-05-13T02:01:51.382Z] error: Host validation failed for: 100.73.67.43. Hint: Set the HOMEPAGE_ALLOWED_HOSTS environment variable to allow requests from this host / port.
[2026-05-13T02:01:51.385Z] error: Host validation failed for: 100.73.67.43. Hint: Set the HOMEPAGE_ALLOWED_HOSTS environment variable to allow requests from this host / port.
[2026-05-13T02:01:51.390Z] error: Host validation failed for: 100.73.67.43. Hint: Set the HOMEPAGE_ALLOWED_HOSTS environment variable to allow requests from this host / port.
[2026-05-13T02:01:51.396Z] error: Host validation failed for: 100.73.67.43. Hint: Set the HOMEPAGE_ALLOWED_HOSTS environment variable to allow requests from this host / port.
[2026-05-13T02:01:51.401Z] error: Host validation failed for: 100.73.67.43. Hint: Set the HOMEPAGE_ALLOWED_HOSTS environment variable to allow requests from this host / port.
[2026-05-13T02:01:51.404Z] error: Host validation failed for: 100.73.67.43. Hint: Set the HOMEPAGE_ALLOWED_HOSTS environment variable to allow requests from this host / port.
[2026-05-13T02:01:51.407Z] error: Host validation failed for: 100.73.67.43. Hint: Set the HOMEPAGE_ALLOWED_HOSTS environment variable to allow requests from this host / port.
[2026-05-13T02:01:51.436Z] error: Host validation failed for: 100.73.67.43. Hint: Set the HOMEPAGE_ALLOWED_HOSTS environment variable to allow requests from this host / port.
[2026-05-13T02:01:54.911Z] error: Host validation failed for: 100.73.67.43. Hint: Set the HOMEPAGE_ALLOWED_HOSTS environment variable to allow requests from this host / port.
[2026-05-13T02:01:55.006Z] error: Host validation failed for: 100.73.67.43. Hint: Set the HOMEPAGE_ALLOWED_HOSTS environment variable to allow requests from this host / port.
[2026-05-13T02:01:55.010Z] error: Host validation failed for: 100.73.67.43. Hint: Set the HOMEPAGE_ALLOWED_HOSTS environment variable to allow requests from this host / port.
[2026-05-13T02:01:55.012Z] error: Host validation failed for: 100.73.67.43. Hint: Set the HOMEPAGE_ALLOWED_HOSTS environment variable to allow requests from this host / port.
[2026-05-13T02:01:55.015Z] error: Host validation failed for: 100.73.67.43. Hint: Set the HOMEPAGE_ALLOWED_HOSTS environment variable to allow requests from this host / port.
[2026-05-13T02:01:55.017Z] error: Host validation failed for: 100.73.67.43. Hint: Set the HOMEPAGE_ALLOWED_HOSTS environment variable to allow requests from this host / port.
[2026-05-13T02:01:55.020Z] error: Host validation failed for: 100.73.67.43. Hint: Set the HOMEPAGE_ALLOWED_HOSTS environment variable to allow requests from this host / port.
[2026-05-13T02:01:55.032Z] error: Host validation failed for: 100.73.67.43. Hint: Set the HOMEPAGE_ALLOWED_HOSTS environment variable to allow requests from this host / port.
[2026-05-13T02:01:55.034Z] error: Host validation failed for: 100.73.67.43. Hint: Set the HOMEPAGE_ALLOWED_HOSTS environment variable to allow requests from this host / port.
[2026-05-13T02:01:55.038Z] error: Host validation failed for: 100.73.67.43. Hint: Set the HOMEPAGE_ALLOWED_HOSTS environment variable to allow requests from this host / port.
[2026-05-13T02:01:55.041Z] error: Host validation failed for: 100.73.67.43. Hint: Set the HOMEPAGE_ALLOWED_HOSTS environment variable to allow requests from this host / port.
[2026-05-13T02:01:55.044Z] error: Host validation failed for: 100.73.67.43. Hint: Set the HOMEPAGE_ALLOWED_HOSTS environment variable to allow requests from this host / port.
[2026-05-13T02:01:55.071Z] error: Host validation failed for: 100.73.67.43. Hint: Set the HOMEPAGE_ALLOWED_HOSTS environment variable to allow requests from this host / port.
[2026-05-13T02:01:55.730Z] error: Host validation failed for: 100.73.67.43. Hint: Set the HOMEPAGE_ALLOWED_HOSTS environment variable to allow requests from this host / port.
[2026-05-13T02:01:55.841Z] error: Host validation failed for: 100.73.67.43. Hint: Set the HOMEPAGE_ALLOWED_HOSTS environment variable to allow requests from this host / port.
[2026-05-13T02:01:55.844Z] error: Host validation failed for: 100.73.67.43. Hint: Set the HOMEPAGE_ALLOWED_HOSTS environment variable to allow requests from this host / port.
[2026-05-13T02:01:55.846Z] error: Host validation failed for: 100.73.67.43. Hint: Set the HOMEPAGE_ALLOWED_HOSTS environment variable to allow requests from this host / port.
[2026-05-13T02:01:55.849Z] error: Host validation failed for: 100.73.67.43. Hint: Set the HOMEPAGE_ALLOWED_HOSTS environment variable to allow requests from this host / port.
[2026-05-13T02:01:55.852Z] error: Host validation failed for: 100.73.67.43. Hint: Set the HOMEPAGE_ALLOWED_HOSTS environment variable to allow requests from this host / port.
[2026-05-13T02:01:55.854Z] error: Host validation failed for: 100.73.67.43. Hint: Set the HOMEPAGE_ALLOWED_HOSTS environment variable to allow requests from this host / port.
[2026-05-13T02:01:55.869Z] error: Host validation failed for: 100.73.67.43. Hint: Set the HOMEPAGE_ALLOWED_HOSTS environment variable to allow requests from this host / port.
[2026-05-13T02:01:55.871Z] error: Host validation failed for: 100.73.67.43. Hint: Set the HOMEPAGE_ALLOWED_HOSTS environment variable to allow requests from this host / port.
[2026-05-13T02:01:55.873Z] error: Host validation failed for: 100.73.67.43. Hint: Set the HOMEPAGE_ALLOWED_HOSTS environment variable to allow requests from this host / port.
[2026-05-13T02:01:55.875Z] error: Host validation failed for: 100.73.67.43. Hint: Set the HOMEPAGE_ALLOWED_HOSTS environment variable to allow requests from this host / port.
[2026-05-13T02:01:55.878Z] error: Host validation failed for: 100.73.67.43. Hint: Set the HOMEPAGE_ALLOWED_HOSTS environment variable to allow requests from this host / port.
[2026-05-13T02:01:55.914Z] error: Host validation failed for: 100.73.67.43. Hint: Set the HOMEPAGE_ALLOWED_HOSTS environment variable to allow requests from this host / port.
[2026-05-13T02:02:08.390Z] error: Host validation failed for: 100.73.67.43. Hint: Set the HOMEPAGE_ALLOWED_HOSTS environment variable to allow requests from this host / port.
[2026-05-13T02:02:08.566Z] error: Host validation failed for: 100.73.67.43. Hint: Set the HOMEPAGE_ALLOWED_HOSTS environment variable to allow requests from this host / port.
[2026-05-13T02:02:08.569Z] error: Host validation failed for: 100.73.67.43. Hint: Set the HOMEPAGE_ALLOWED_HOSTS environment variable to allow requests from this host / port.
[2026-05-13T02:02:08.571Z] error: Host validation failed for: 100.73.67.43. Hint: Set the HOMEPAGE_ALLOWED_HOSTS environment variable to allow requests from this host / port.
[2026-05-13T02:02:08.573Z] error: Host validation failed for: 100.73.67.43. Hint: Set the HOMEPAGE_ALLOWED_HOSTS environment variable to allow requests from this host / port.
[2026-05-13T02:02:08.576Z] error: Host validation failed for: 100.73.67.43. Hint: Set the HOMEPAGE_ALLOWED_HOSTS environment variable to allow requests from this host / port.
[2026-05-13T02:02:08.579Z] error: Host validation failed for: 100.73.67.43. Hint: Set the HOMEPAGE_ALLOWED_HOSTS environment variable to allow requests from this host / port.
[2026-05-13T02:02:08.591Z] error: Host validation failed for: 100.73.67.43. Hint: Set the HOMEPAGE_ALLOWED_HOSTS environment variable to allow requests from this host / port.
[2026-05-13T02:02:08.632Z] error: Host validation failed for: 100.73.67.43. Hint: Set the HOMEPAGE_ALLOWED_HOSTS environment variable to allow requests from this host / port.
[2026-05-13T02:02:08.636Z] error: Host validation failed for: 100.73.67.43. Hint: Set the HOMEPAGE_ALLOWED_HOSTS environment variable to allow requests from this host / port.
[2026-05-13T02:02:08.639Z] error: Host validation failed for: 100.73.67.43. Hint: Set the HOMEPAGE_ALLOWED_HOSTS environment variable to allow requests from this host / port.
[2026-05-13T02:02:08.641Z] error: Host validation failed for: 100.73.67.43. Hint: Set the HOMEPAGE_ALLOWED_HOSTS environment variable to allow requests from this host / port.
[2026-05-13T02:02:08.736Z] error: Host validation failed for: 100.73.67.43. Hint: Set the HOMEPAGE_ALLOWED_HOSTS environment variable to allow requests from this host / port.
[2026-05-13T02:02:10.335Z] error: Host validation failed for: 100.73.67.43. Hint: Set the HOMEPAGE_ALLOWED_HOSTS environment variable to allow requests from this host / port.
[2026-05-13T02:02:10.491Z] error: Host validation failed for: 100.73.67.43. Hint: Set the HOMEPAGE_ALLOWED_HOSTS environment variable to allow requests from this host / port.
[2026-05-13T02:02:10.493Z] error: Host validation failed for: 100.73.67.43. Hint: Set the HOMEPAGE_ALLOWED_HOSTS environment variable to allow requests from this host / port.
[2026-05-13T02:02:10.495Z] error: Host validation failed for: 100.73.67.43. Hint: Set the HOMEPAGE_ALLOWED_HOSTS environment variable to allow requests from this host / port.
[2026-05-13T02:02:10.497Z] error: Host validation failed for: 100.73.67.43. Hint: Set the HOMEPAGE_ALLOWED_HOSTS environment variable to allow requests from this host / port.
[2026-05-13T02:02:10.501Z] error: Host validation failed for: 100.73.67.43. Hint: Set the HOMEPAGE_ALLOWED_HOSTS environment variable to allow requests from this host / port.
[2026-05-13T02:02:10.503Z] error: Host validation failed for: 100.73.67.43. Hint: Set the HOMEPAGE_ALLOWED_HOSTS environment variable to allow requests from this host / port.
[2026-05-13T02:02:10.525Z] error: Host validation failed for: 100.73.67.43. Hint: Set the HOMEPAGE_ALLOWED_HOSTS environment variable to allow requests from this host / port.
[2026-05-13T02:02:10.528Z] error: Host validation failed for: 100.73.67.43. Hint: Set the HOMEPAGE_ALLOWED_HOSTS environment variable to allow requests from this host / port.
[2026-05-13T02:02:10.530Z] error: Host validation failed for: 100.73.67.43. Hint: Set the HOMEPAGE_ALLOWED_HOSTS environment variable to allow requests from this host / port.
[2026-05-13T02:02:10.532Z] error: Host validation failed for: 100.73.67.43. Hint: Set the HOMEPAGE_ALLOWED_HOSTS environment variable to allow requests from this host / port.
[2026-05-13T02:02:10.534Z] error: Host validation failed for: 100.73.67.43. Hint: Set the HOMEPAGE_ALLOWED_HOSTS environment variable to allow requests from this host / port.
[2026-05-13T02:02:10.575Z] error: Host validation failed for: 100.73.67.43. Hint: Set the HOMEPAGE_ALLOWED_HOSTS environment variable to allow requests from this host / port.
[2026-05-13T02:02:36.461Z] error: Host validation failed for: 100.73.67.43. Hint: Set the HOMEPAGE_ALLOWED_HOSTS environment variable to allow requests from this host / port.
[2026-05-13T02:02:36.476Z] error: Host validation failed for: 100.73.67.43. Hint: Set the HOMEPAGE_ALLOWED_HOSTS environment variable to allow requests from this host / port.
[2026-05-13T02:02:36.564Z] error: Host validation failed for: 100.73.67.43. Hint: Set the HOMEPAGE_ALLOWED_HOSTS environment variable to allow requests from this host / port.
[2026-05-13T02:02:37.190Z] error: Host validation failed for: 100.73.67.43. Hint: Set the HOMEPAGE_ALLOWED_HOSTS environment variable to allow requests from this host / port.
[2026-05-13T02:02:37.358Z] error: Host validation failed for: 100.73.67.43. Hint: Set the HOMEPAGE_ALLOWED_HOSTS environment variable to allow requests from this host / port.
[2026-05-13T02:02:37.360Z] error: Host validation failed for: 100.73.67.43. Hint: Set the HOMEPAGE_ALLOWED_HOSTS environment variable to allow requests from this host / port.
[2026-05-13T02:02:37.367Z] error: Host validation failed for: 100.73.67.43. Hint: Set the HOMEPAGE_ALLOWED_HOSTS environment variable to allow requests from this host / port.
[2026-05-13T02:02:37.370Z] error: Host validation failed for: 100.73.67.43. Hint: Set the HOMEPAGE_ALLOWED_HOSTS environment variable to allow requests from this host / port.
[2026-05-13T02:02:37.373Z] error: Host validation failed for: 100.73.67.43. Hint: Set the HOMEPAGE_ALLOWED_HOSTS environment variable to allow requests from this host / port.
[2026-05-13T02:02:37.376Z] error: Host validation failed for: 100.73.67.43. Hint: Set the HOMEPAGE_ALLOWED_HOSTS environment variable to allow requests from this host / port.
[2026-05-13T02:02:37.378Z] error: Host validation failed for: 100.73.67.43. Hint: Set the HOMEPAGE_ALLOWED_HOSTS environment variable to allow requests from this host / port.
[2026-05-13T02:02:37.382Z] error: Host validation failed for: 100.73.67.43. Hint: Set the HOMEPAGE_ALLOWED_HOSTS environment variable to allow requests from this host / port.
[2026-05-13T02:02:37.394Z] error: Host validation failed for: 100.73.67.43. Hint: Set the HOMEPAGE_ALLOWED_HOSTS environment variable to allow requests from this host / port.
[2026-05-13T02:02:37.396Z] error: Host validation failed for: 100.73.67.43. Hint: Set the HOMEPAGE_ALLOWED_HOSTS environment variable to allow requests from this host / port.
[2026-05-13T02:02:37.400Z] error: Host validation failed for: 100.73.67.43. Hint: Set the HOMEPAGE_ALLOWED_HOSTS environment variable to allow requests from this host / port.
[2026-05-13T02:02:37.418Z] error: Host validation failed for: 100.73.67.43. Hint: Set the HOMEPAGE_ALLOWED_HOSTS environment variable to allow requests from this host / port.
[2026-05-13T02:02:38.502Z] error: Host validation failed for: 100.73.67.43. Hint: Set the HOMEPAGE_ALLOWED_HOSTS environment variable to allow requests from this host / port.
[2026-05-13T02:02:38.586Z] error: Host validation failed for: 100.73.67.43. Hint: Set the HOMEPAGE_ALLOWED_HOSTS environment variable to allow requests from this host / port.
[2026-05-13T02:02:38.588Z] error: Host validation failed for: 100.73.67.43. Hint: Set the HOMEPAGE_ALLOWED_HOSTS environment variable to allow requests from this host / port.
[2026-05-13T02:02:38.590Z] error: Host validation failed for: 100.73.67.43. Hint: Set the HOMEPAGE_ALLOWED_HOSTS environment variable to allow requests from this host / port.
[2026-05-13T02:02:38.593Z] error: Host validation failed for: 100.73.67.43. Hint: Set the HOMEPAGE_ALLOWED_HOSTS environment variable to allow requests from this host / port.
[2026-05-13T02:02:38.596Z] error: Host validation failed for: 100.73.67.43. Hint: Set the HOMEPAGE_ALLOWED_HOSTS environment variable to allow requests from this host / port.
[2026-05-13T02:02:38.598Z] error: Host validation failed for: 100.73.67.43. Hint: Set the HOMEPAGE_ALLOWED_HOSTS environment variable to allow requests from this host / port.
[2026-05-13T02:02:38.603Z] error: Host validation failed for: 100.73.67.43. Hint: Set the HOMEPAGE_ALLOWED_HOSTS environment variable to allow requests from this host / port.
[2026-05-13T02:02:38.618Z] error: Host validation failed for: 100.73.67.43. Hint: Set the HOMEPAGE_ALLOWED_HOSTS environment variable to allow requests from this host / port.
[2026-05-13T02:02:38.620Z] error: Host validation failed for: 100.73.67.43. Hint: Set the HOMEPAGE_ALLOWED_HOSTS environment variable to allow requests from this host / port.
[2026-05-13T02:02:38.622Z] error: Host validation failed for: 100.73.67.43. Hint: Set the HOMEPAGE_ALLOWED_HOSTS environment variable to allow requests from this host / port.
[2026-05-13T02:02:38.624Z] error: Host validation failed for: 100.73.67.43. Hint: Set the HOMEPAGE_ALLOWED_HOSTS environment variable to allow requests from this host / port.
[2026-05-13T02:02:38.645Z] error: Host validation failed for: 100.73.67.43. Hint: Set the HOMEPAGE_ALLOWED_HOSTS environment variable to allow requests from this host / port.
[2026-05-13T02:03:46.603Z] info: services.yaml was copied to the config folder
[2026-05-13T02:03:46.605Z] info: bookmarks.yaml was copied to the config folder
[2026-05-13T02:03:46.606Z] info: proxmox.yaml was copied to the config folder
[2026-05-13T02:03:46.614Z] info: custom.css was copied to the config folder
[2026-05-13T02:03:46.615Z] info: custom.js was copied to the config folder
[2026-05-13T02:03:46.924Z] info: 🌐 i18next is made possible by our own product, Locize — consider powering your project with managed localization (AI, CDN, integrations): https://locize.com 💙
[2026-05-23T05:55:02.771Z] error: Host validation failed for: firebat.taild1c700.ts.net. Hint: Set the HOMEPAGE_ALLOWED_HOSTS environment variable to allow requests from this host / port.
[2026-05-23T05:55:03.772Z] error: Host validation failed for: firebat.taild1c700.ts.net. Hint: Set the HOMEPAGE_ALLOWED_HOSTS environment variable to allow requests from this host / port.
[2026-05-30T23:22:05.216Z] error: Host validation failed for: firebat.taild1c700.ts.net. Hint: Set the HOMEPAGE_ALLOWED_HOSTS environment variable to allow requests from this host / port.
[2026-05-30T23:22:05.608Z] error: Host validation failed for: firebat.taild1c700.ts.net. Hint: Set the HOMEPAGE_ALLOWED_HOSTS environment variable to allow requests from this host / port.
[2026-05-30T23:22:05.613Z] error: Host validation failed for: firebat.taild1c700.ts.net. Hint: Set the HOMEPAGE_ALLOWED_HOSTS environment variable to allow requests from this host / port.
[2026-05-30T23:22:05.616Z] error: Host validation failed for: firebat.taild1c700.ts.net. Hint: Set the HOMEPAGE_ALLOWED_HOSTS environment variable to allow requests from this host / port.
[2026-05-30T23:22:05.638Z] error: Host validation failed for: firebat.taild1c700.ts.net. Hint: Set the HOMEPAGE_ALLOWED_HOSTS environment variable to allow requests from this host / port.
[2026-05-30T23:22:05.641Z] error: Host validation failed for: firebat.taild1c700.ts.net. Hint: Set the HOMEPAGE_ALLOWED_HOSTS environment variable to allow requests from this host / port.
[2026-05-30T23:22:05.644Z] error: Host validation failed for: firebat.taild1c700.ts.net. Hint: Set the HOMEPAGE_ALLOWED_HOSTS environment variable to allow requests from this host / port.
[2026-05-30T23:22:05.669Z] error: Host validation failed for: firebat.taild1c700.ts.net. Hint: Set the HOMEPAGE_ALLOWED_HOSTS environment variable to allow requests from this host / port.
[2026-05-30T23:22:05.685Z] error: Host validation failed for: firebat.taild1c700.ts.net. Hint: Set the HOMEPAGE_ALLOWED_HOSTS environment variable to allow requests from this host / port.
[2026-05-30T23:22:05.688Z] error: Host validation failed for: firebat.taild1c700.ts.net. Hint: Set the HOMEPAGE_ALLOWED_HOSTS environment variable to allow requests from this host / port.
[2026-05-30T23:22:05.691Z] error: Host validation failed for: firebat.taild1c700.ts.net. Hint: Set the HOMEPAGE_ALLOWED_HOSTS environment variable to allow requests from this host / port.
[2026-05-30T23:22:05.913Z] error: Host validation failed for: firebat.taild1c700.ts.net. Hint: Set the HOMEPAGE_ALLOWED_HOSTS environment variable to allow requests from this host / port.
[2026-05-30T23:22:10.973Z] error: Host validation failed for: firebat.taild1c700.ts.net. Hint: Set the HOMEPAGE_ALLOWED_HOSTS environment variable to allow requests from this host / port.
[2026-05-30T23:22:10.975Z] error: Host validation failed for: firebat.taild1c700.ts.net. Hint: Set the HOMEPAGE_ALLOWED_HOSTS environment variable to allow requests from this host / port.
[2026-05-30T23:22:51.815Z] error: Host validation failed for: firebat.taild1c700.ts.net. Hint: Set the HOMEPAGE_ALLOWED_HOSTS environment variable to allow requests from this host / port.
[2026-05-30T23:22:51.939Z] error: Host validation failed for: firebat.taild1c700.ts.net. Hint: Set the HOMEPAGE_ALLOWED_HOSTS environment variable to allow requests from this host / port.
[2026-05-30T23:22:51.941Z] error: Host validation failed for: firebat.taild1c700.ts.net. Hint: Set the HOMEPAGE_ALLOWED_HOSTS environment variable to allow requests from this host / port.
[2026-05-30T23:22:51.952Z] error: Host validation failed for: firebat.taild1c700.ts.net. Hint: Set the HOMEPAGE_ALLOWED_HOSTS environment variable to allow requests from this host / port.
[2026-05-30T23:22:51.954Z] error: Host validation failed for: firebat.taild1c700.ts.net. Hint: Set the HOMEPAGE_ALLOWED_HOSTS environment variable to allow requests from this host / port.
[2026-05-30T23:22:51.962Z] error: Host validation failed for: firebat.taild1c700.ts.net. Hint: Set the HOMEPAGE_ALLOWED_HOSTS environment variable to allow requests from this host / port.
[2026-05-30T23:22:51.963Z] error: Host validation failed for: firebat.taild1c700.ts.net. Hint: Set the HOMEPAGE_ALLOWED_HOSTS environment variable to allow requests from this host / port.
[2026-05-30T23:22:51.965Z] error: Host validation failed for: firebat.taild1c700.ts.net. Hint: Set the HOMEPAGE_ALLOWED_HOSTS environment variable to allow requests from this host / port.
[2026-05-30T23:22:51.967Z] error: Host validation failed for: firebat.taild1c700.ts.net. Hint: Set the HOMEPAGE_ALLOWED_HOSTS environment variable to allow requests from this host / port.
[2026-05-30T23:22:51.970Z] error: Host validation failed for: firebat.taild1c700.ts.net. Hint: Set the HOMEPAGE_ALLOWED_HOSTS environment variable to allow requests from this host / port.
[2026-05-30T23:22:51.982Z] error: Host validation failed for: firebat.taild1c700.ts.net. Hint: Set the HOMEPAGE_ALLOWED_HOSTS environment variable to allow requests from this host / port.
[2026-05-30T23:22:51.986Z] error: Host validation failed for: firebat.taild1c700.ts.net. Hint: Set the HOMEPAGE_ALLOWED_HOSTS environment variable to allow requests from this host / port.
[2026-05-30T23:22:52.149Z] error: Host validation failed for: firebat.taild1c700.ts.net. Hint: Set the HOMEPAGE_ALLOWED_HOSTS environment variable to allow requests from this host / port.
[2026-06-01T01:09:20.420Z] error: Host validation failed for: firebat.taild1c700.ts.net. Hint: Set the HOMEPAGE_ALLOWED_HOSTS environment variable to allow requests from this host / port.
[2026-06-01T01:22:29.425Z] error: Host validation failed for: firebat.taild1c700.ts.net. Hint: Set the HOMEPAGE_ALLOWED_HOSTS environment variable to allow requests from this host / port.
[2026-06-01T01:22:33.863Z] error: Host validation failed for: firebat.taild1c700.ts.net. Hint: Set the HOMEPAGE_ALLOWED_HOSTS environment variable to allow requests from this host / port.
[2026-06-01T01:54:50.864Z] error: Host validation failed for: firebat.taild1c700.ts.net. Hint: Set the HOMEPAGE_ALLOWED_HOSTS environment variable to allow requests from this host / port.
[2026-06-01T01:59:20.166Z] error: Host validation failed for: firebat.taild1c700.ts.net. Hint: Set the HOMEPAGE_ALLOWED_HOSTS environment variable to allow requests from this host / port.
[2026-06-01T01:59:24.281Z] error: Host validation failed for: firebat.taild1c700.ts.net. Hint: Set the HOMEPAGE_ALLOWED_HOSTS environment variable to allow requests from this host / port.
[2026-06-01T02:07:01.749Z] error: Host validation failed for: firebat.taild1c700.ts.net. Hint: Set the HOMEPAGE_ALLOWED_HOSTS environment variable to allow requests from this host / port.
[2026-06-01T02:07:05.591Z] error: Host validation failed for: firebat.taild1c700.ts.net. Hint: Set the HOMEPAGE_ALLOWED_HOSTS environment variable to allow requests from this host / port.
[2026-06-01T02:07:09.100Z] error: Host validation failed for: firebat.taild1c700.ts.net. Hint: Set the HOMEPAGE_ALLOWED_HOSTS environment variable to allow requests from this host / port.
[2026-06-02T00:01:14.167Z] error: Host validation failed for: firebat.taild1c700.ts.net. Hint: Set the HOMEPAGE_ALLOWED_HOSTS environment variable to allow requests from this host / port.
[2026-06-24T07:03:08.862Z] error: Host validation failed for: firebat.taild1c700.ts.net. Hint: Set the HOMEPAGE_ALLOWED_HOSTS environment variable to allow requests from this host / port.
[2026-06-24T07:03:09.138Z] error: Host validation failed for: firebat.taild1c700.ts.net. Hint: Set the HOMEPAGE_ALLOWED_HOSTS environment variable to allow requests from this host / port.
[2026-06-24T07:03:09.141Z] error: Host validation failed for: firebat.taild1c700.ts.net. Hint: Set the HOMEPAGE_ALLOWED_HOSTS environment variable to allow requests from this host / port.
[2026-06-24T07:03:09.143Z] error: Host validation failed for: firebat.taild1c700.ts.net. Hint: Set the HOMEPAGE_ALLOWED_HOSTS environment variable to allow requests from this host / port.
[2026-06-24T07:03:09.147Z] error: Host validation failed for: firebat.taild1c700.ts.net. Hint: Set the HOMEPAGE_ALLOWED_HOSTS environment variable to allow requests from this host / port.
[2026-06-24T07:03:09.151Z] error: Host validation failed for: firebat.taild1c700.ts.net. Hint: Set the HOMEPAGE_ALLOWED_HOSTS environment variable to allow requests from this host / port.
[2026-06-24T07:03:09.154Z] error: Host validation failed for: firebat.taild1c700.ts.net. Hint: Set the HOMEPAGE_ALLOWED_HOSTS environment variable to allow requests from this host / port.
[2026-06-24T07:03:09.156Z] error: Host validation failed for: firebat.taild1c700.ts.net. Hint: Set the HOMEPAGE_ALLOWED_HOSTS environment variable to allow requests from this host / port.
[2026-06-24T07:03:09.159Z] error: Host validation failed for: firebat.taild1c700.ts.net. Hint: Set the HOMEPAGE_ALLOWED_HOSTS environment variable to allow requests from this host / port.
[2026-06-24T07:03:09.161Z] error: Host validation failed for: firebat.taild1c700.ts.net. Hint: Set the HOMEPAGE_ALLOWED_HOSTS environment variable to allow requests from this host / port.
[2026-06-24T07:03:09.164Z] error: Host validation failed for: firebat.taild1c700.ts.net. Hint: Set the HOMEPAGE_ALLOWED_HOSTS environment variable to allow requests from this host / port.
[2026-06-24T07:03:09.170Z] error: Host validation failed for: firebat.taild1c700.ts.net. Hint: Set the HOMEPAGE_ALLOWED_HOSTS environment variable to allow requests from this host / port.
[2026-06-24T07:04:40.742Z] error: Host validation failed for: firebat.taild1c700.ts.net. Hint: Set the HOMEPAGE_ALLOWED_HOSTS environment variable to allow requests from this host / port.
[2026-06-24T07:04:40.743Z] error: Host validation failed for: firebat.taild1c700.ts.net. Hint: Set the HOMEPAGE_ALLOWED_HOSTS environment variable to allow requests from this host / port.
[2026-06-24T07:04:40.747Z] error: Host validation failed for: firebat.taild1c700.ts.net. Hint: Set the HOMEPAGE_ALLOWED_HOSTS environment variable to allow requests from this host / port.
[2026-06-24T07:04:51.781Z] error: Host validation failed for: firebat.taild1c700.ts.net. Hint: Set the HOMEPAGE_ALLOWED_HOSTS environment variable to allow requests from this host / port.
[2026-06-24T07:04:51.783Z] error: Host validation failed for: firebat.taild1c700.ts.net. Hint: Set the HOMEPAGE_ALLOWED_HOSTS environment variable to allow requests from this host / port.
[2026-06-24T07:04:51.797Z] error: Host validation failed for: firebat.taild1c700.ts.net. Hint: Set the HOMEPAGE_ALLOWED_HOSTS environment variable to allow requests from this host / port.
[2026-06-24T07:04:51.825Z] error: Host validation failed for: firebat.taild1c700.ts.net. Hint: Set the HOMEPAGE_ALLOWED_HOSTS environment variable to allow requests from this host / port.
[2026-06-24T07:04:51.827Z] error: Host validation failed for: firebat.taild1c700.ts.net. Hint: Set the HOMEPAGE_ALLOWED_HOSTS environment variable to allow requests from this host / port.
[2026-06-24T07:04:51.829Z] error: Host validation failed for: firebat.taild1c700.ts.net. Hint: Set the HOMEPAGE_ALLOWED_HOSTS environment variable to allow requests from this host / port.
[2026-06-24T07:04:51.830Z] error: Host validation failed for: firebat.taild1c700.ts.net. Hint: Set the HOMEPAGE_ALLOWED_HOSTS environment variable to allow requests from this host / port.
[2026-06-24T07:04:51.832Z] error: Host validation failed for: firebat.taild1c700.ts.net. Hint: Set the HOMEPAGE_ALLOWED_HOSTS environment variable to allow requests from this host / port.
[2026-06-24T07:04:51.834Z] error: Host validation failed for: firebat.taild1c700.ts.net. Hint: Set the HOMEPAGE_ALLOWED_HOSTS environment variable to allow requests from this host / port.
[2026-06-24T07:04:51.836Z] error: Host validation failed for: firebat.taild1c700.ts.net. Hint: Set the HOMEPAGE_ALLOWED_HOSTS environment variable to allow requests from this host / port.
[2026-06-24T07:04:51.839Z] error: Host validation failed for: firebat.taild1c700.ts.net. Hint: Set the HOMEPAGE_ALLOWED_HOSTS environment variable to allow requests from this host / port.
[2026-06-24T07:04:51.841Z] error: Host validation failed for: firebat.taild1c700.ts.net. Hint: Set the HOMEPAGE_ALLOWED_HOSTS environment variable to allow requests from this host / port.
[2026-06-24T07:04:51.843Z] error: Host validation failed for: firebat.taild1c700.ts.net. Hint: Set the HOMEPAGE_ALLOWED_HOSTS environment variable to allow requests from this host / port.
[2026-06-24T07:04:51.850Z] error: Host validation failed for: firebat.taild1c700.ts.net. Hint: Set the HOMEPAGE_ALLOWED_HOSTS environment variable to allow requests from this host / port.
[2026-06-24T07:04:51.854Z] error: Host validation failed for: firebat.taild1c700.ts.net. Hint: Set the HOMEPAGE_ALLOWED_HOSTS environment variable to allow requests from this host / port.
[2026-06-24T07:05:11.425Z] error: Host validation failed for: firebat.taild1c700.ts.net. Hint: Set the HOMEPAGE_ALLOWED_HOSTS environment variable to allow requests from this host / port.
[2026-06-24T07:05:11.426Z] error: Host validation failed for: firebat.taild1c700.ts.net. Hint: Set the HOMEPAGE_ALLOWED_HOSTS environment variable to allow requests from this host / port.
[2026-06-24T07:06:19.187Z] error: Host validation failed for: firebat.taild1c700.ts.net. Hint: Set the HOMEPAGE_ALLOWED_HOSTS environment variable to allow requests from this host / port.
[2026-06-24T07:06:19.288Z] error: Host validation failed for: firebat.taild1c700.ts.net. Hint: Set the HOMEPAGE_ALLOWED_HOSTS environment variable to allow requests from this host / port.
[2026-06-24T07:06:19.291Z] error: Host validation failed for: firebat.taild1c700.ts.net. Hint: Set the HOMEPAGE_ALLOWED_HOSTS environment variable to allow requests from this host / port.
[2026-06-24T07:06:19.293Z] error: Host validation failed for: firebat.taild1c700.ts.net. Hint: Set the HOMEPAGE_ALLOWED_HOSTS environment variable to allow requests from this host / port.
[2026-06-24T07:06:19.295Z] error: Host validation failed for: firebat.taild1c700.ts.net. Hint: Set the HOMEPAGE_ALLOWED_HOSTS environment variable to allow requests from this host / port.
[2026-06-24T07:06:19.299Z] error: Host validation failed for: firebat.taild1c700.ts.net. Hint: Set the HOMEPAGE_ALLOWED_HOSTS environment variable to allow requests from this host / port.
[2026-06-24T07:06:19.300Z] error: Host validation failed for: firebat.taild1c700.ts.net. Hint: Set the HOMEPAGE_ALLOWED_HOSTS environment variable to allow requests from this host / port.
[2026-06-24T07:06:19.303Z] error: Host validation failed for: firebat.taild1c700.ts.net. Hint: Set the HOMEPAGE_ALLOWED_HOSTS environment variable to allow requests from this host / port.
[2026-06-24T07:06:19.495Z] error: Host validation failed for: firebat.taild1c700.ts.net. Hint: Set the HOMEPAGE_ALLOWED_HOSTS environment variable to allow requests from this host / port.
[2026-06-24T07:06:19.496Z] error: Host validation failed for: firebat.taild1c700.ts.net. Hint: Set the HOMEPAGE_ALLOWED_HOSTS environment variable to allow requests from this host / port.
[2026-06-24T07:06:19.498Z] error: Host validation failed for: firebat.taild1c700.ts.net. Hint: Set the HOMEPAGE_ALLOWED_HOSTS environment variable to allow requests from this host / port.
[2026-06-24T07:06:19.508Z] error: Host validation failed for: firebat.taild1c700.ts.net. Hint: Set the HOMEPAGE_ALLOWED_HOSTS environment variable to allow requests from this host / port.
[2026-06-24T07:06:23.324Z] error: Host validation failed for: firebat.taild1c700.ts.net. Hint: Set the HOMEPAGE_ALLOWED_HOSTS environment variable to allow requests from this host / port.
[2026-06-24T07:07:55.814Z] error: Host validation failed for: firebat.taild1c700.ts.net. Hint: Set the HOMEPAGE_ALLOWED_HOSTS environment variable to allow requests from this host / port.
[2026-06-24T07:07:55.816Z] error: Host validation failed for: firebat.taild1c700.ts.net. Hint: Set the HOMEPAGE_ALLOWED_HOSTS environment variable to allow requests from this host / port.
[2026-06-24T07:10:00.739Z] error: Host validation failed for: firebat.taild1c700.ts.net. Hint: Set the HOMEPAGE_ALLOWED_HOSTS environment variable to allow requests from this host / port.
[2026-06-24T07:10:00.799Z] error: Host validation failed for: firebat.taild1c700.ts.net. Hint: Set the HOMEPAGE_ALLOWED_HOSTS environment variable to allow requests from this host / port.
[2026-06-24T07:10:00.802Z] error: Host validation failed for: firebat.taild1c700.ts.net. Hint: Set the HOMEPAGE_ALLOWED_HOSTS environment variable to allow requests from this host / port.
[2026-06-24T07:10:00.804Z] error: Host validation failed for: firebat.taild1c700.ts.net. Hint: Set the HOMEPAGE_ALLOWED_HOSTS environment variable to allow requests from this host / port.
[2026-06-24T07:10:00.806Z] error: Host validation failed for: firebat.taild1c700.ts.net. Hint: Set the HOMEPAGE_ALLOWED_HOSTS environment variable to allow requests from this host / port.
[2026-06-24T07:10:00.808Z] error: Host validation failed for: firebat.taild1c700.ts.net. Hint: Set the HOMEPAGE_ALLOWED_HOSTS environment variable to allow requests from this host / port.
[2026-06-24T07:10:00.809Z] error: Host validation failed for: firebat.taild1c700.ts.net. Hint: Set the HOMEPAGE_ALLOWED_HOSTS environment variable to allow requests from this host / port.
[2026-06-24T07:10:00.811Z] error: Host validation failed for: firebat.taild1c700.ts.net. Hint: Set the HOMEPAGE_ALLOWED_HOSTS environment variable to allow requests from this host / port.
[2026-06-24T07:10:00.814Z] error: Host validation failed for: firebat.taild1c700.ts.net. Hint: Set the HOMEPAGE_ALLOWED_HOSTS environment variable to allow requests from this host / port.
[2026-06-24T07:10:00.815Z] error: Host validation failed for: firebat.taild1c700.ts.net. Hint: Set the HOMEPAGE_ALLOWED_HOSTS environment variable to allow requests from this host / port.
[2026-06-24T07:10:00.818Z] error: Host validation failed for: firebat.taild1c700.ts.net. Hint: Set the HOMEPAGE_ALLOWED_HOSTS environment variable to allow requests from this host / port.
[2026-06-24T07:10:00.819Z] error: Host validation failed for: firebat.taild1c700.ts.net. Hint: Set the HOMEPAGE_ALLOWED_HOSTS environment variable to allow requests from this host / port.
[2026-06-24T07:10:47.149Z] error: Host validation failed for: firebat.taild1c700.ts.net. Hint: Set the HOMEPAGE_ALLOWED_HOSTS environment variable to allow requests from this host / port.
[2026-06-24T07:10:47.184Z] error: Host validation failed for: firebat.taild1c700.ts.net. Hint: Set the HOMEPAGE_ALLOWED_HOSTS environment variable to allow requests from this host / port.
[2026-06-24T07:10:47.185Z] error: Host validation failed for: firebat.taild1c700.ts.net. Hint: Set the HOMEPAGE_ALLOWED_HOSTS environment variable to allow requests from this host / port.
[2026-06-24T07:10:47.187Z] error: Host validation failed for: firebat.taild1c700.ts.net. Hint: Set the HOMEPAGE_ALLOWED_HOSTS environment variable to allow requests from this host / port.
[2026-06-24T07:10:47.188Z] error: Host validation failed for: firebat.taild1c700.ts.net. Hint: Set the HOMEPAGE_ALLOWED_HOSTS environment variable to allow requests from this host / port.
[2026-06-24T07:10:47.192Z] error: Host validation failed for: firebat.taild1c700.ts.net. Hint: Set the HOMEPAGE_ALLOWED_HOSTS environment variable to allow requests from this host / port.
[2026-06-24T07:10:47.194Z] error: Host validation failed for: firebat.taild1c700.ts.net. Hint: Set the HOMEPAGE_ALLOWED_HOSTS environment variable to allow requests from this host / port.
[2026-06-24T07:10:47.196Z] error: Host validation failed for: firebat.taild1c700.ts.net. Hint: Set the HOMEPAGE_ALLOWED_HOSTS environment variable to allow requests from this host / port.
[2026-06-24T07:10:47.199Z] error: Host validation failed for: firebat.taild1c700.ts.net. Hint: Set the HOMEPAGE_ALLOWED_HOSTS environment variable to allow requests from this host / port.
[2026-06-24T07:10:47.201Z] error: Host validation failed for: firebat.taild1c700.ts.net. Hint: Set the HOMEPAGE_ALLOWED_HOSTS environment variable to allow requests from this host / port.
[2026-06-24T07:10:47.203Z] error: Host validation failed for: firebat.taild1c700.ts.net. Hint: Set the HOMEPAGE_ALLOWED_HOSTS environment variable to allow requests from this host / port.
[2026-06-24T07:10:47.206Z] error: Host validation failed for: firebat.taild1c700.ts.net. Hint: Set the HOMEPAGE_ALLOWED_HOSTS environment variable to allow requests from this host / port.
[2026-06-24T07:10:47.220Z] error: Host validation failed for: firebat.taild1c700.ts.net. Hint: Set the HOMEPAGE_ALLOWED_HOSTS environment variable to allow requests from this host / port.
[2026-06-24T07:12:05.690Z] error: Host validation failed for: firebat.taild1c700.ts.net. Hint: Set the HOMEPAGE_ALLOWED_HOSTS environment variable to allow requests from this host / port.
[2026-06-24T07:12:05.692Z] error: Host validation failed for: firebat.taild1c700.ts.net. Hint: Set the HOMEPAGE_ALLOWED_HOSTS environment variable to allow requests from this host / port.
[2026-06-24T07:15:38.307Z] error: Host validation failed for: firebat.taild1c700.ts.net. Hint: Set the HOMEPAGE_ALLOWED_HOSTS environment variable to allow requests from this host / port.
[2026-06-24T07:15:38.309Z] error: Host validation failed for: firebat.taild1c700.ts.net. Hint: Set the HOMEPAGE_ALLOWED_HOSTS environment variable to allow requests from this host / port.
[2026-06-24T07:15:40.272Z] error: Host validation failed for: firebat.taild1c700.ts.net. Hint: Set the HOMEPAGE_ALLOWED_HOSTS environment variable to allow requests from this host / port.
[2026-06-24T07:15:50.678Z] error: Host validation failed for: firebat.taild1c700.ts.net. Hint: Set the HOMEPAGE_ALLOWED_HOSTS environment variable to allow requests from this host / port.
[2026-06-24T07:15:50.680Z] error: Host validation failed for: firebat.taild1c700.ts.net. Hint: Set the HOMEPAGE_ALLOWED_HOSTS environment variable to allow requests from this host / port.
[2026-06-24T07:17:16.520Z] error: Host validation failed for: firebat.taild1c700.ts.net. Hint: Set the HOMEPAGE_ALLOWED_HOSTS environment variable to allow requests from this host / port.
[2026-06-24T07:17:16.548Z] error: Host validation failed for: firebat.taild1c700.ts.net. Hint: Set the HOMEPAGE_ALLOWED_HOSTS environment variable to allow requests from this host / port.
[2026-06-24T07:17:16.551Z] error: Host validation failed for: firebat.taild1c700.ts.net. Hint: Set the HOMEPAGE_ALLOWED_HOSTS environment variable to allow requests from this host / port.
[2026-06-24T07:17:16.554Z] error: Host validation failed for: firebat.taild1c700.ts.net. Hint: Set the HOMEPAGE_ALLOWED_HOSTS environment variable to allow requests from this host / port.
[2026-06-24T07:17:16.556Z] error: Host validation failed for: firebat.taild1c700.ts.net. Hint: Set the HOMEPAGE_ALLOWED_HOSTS environment variable to allow requests from this host / port.
[2026-06-24T07:17:16.557Z] error: Host validation failed for: firebat.taild1c700.ts.net. Hint: Set the HOMEPAGE_ALLOWED_HOSTS environment variable to allow requests from this host / port.
[2026-06-24T07:17:16.559Z] error: Host validation failed for: firebat.taild1c700.ts.net. Hint: Set the HOMEPAGE_ALLOWED_HOSTS environment variable to allow requests from this host / port.
[2026-06-24T07:17:16.561Z] error: Host validation failed for: firebat.taild1c700.ts.net. Hint: Set the HOMEPAGE_ALLOWED_HOSTS environment variable to allow requests from this host / port.
[2026-06-24T07:17:16.563Z] error: Host validation failed for: firebat.taild1c700.ts.net. Hint: Set the HOMEPAGE_ALLOWED_HOSTS environment variable to allow requests from this host / port.
[2026-06-24T07:17:16.565Z] error: Host validation failed for: firebat.taild1c700.ts.net. Hint: Set the HOMEPAGE_ALLOWED_HOSTS environment variable to allow requests from this host / port.
[2026-06-24T07:17:16.567Z] error: Host validation failed for: firebat.taild1c700.ts.net. Hint: Set the HOMEPAGE_ALLOWED_HOSTS environment variable to allow requests from this host / port.
[2026-06-24T07:17:16.569Z] error: Host validation failed for: firebat.taild1c700.ts.net. Hint: Set the HOMEPAGE_ALLOWED_HOSTS environment variable to allow requests from this host / port.
[2026-06-24T07:17:16.571Z] error: Host validation failed for: firebat.taild1c700.ts.net. Hint: Set the HOMEPAGE_ALLOWED_HOSTS environment variable to allow requests from this host / port.
[2026-06-24T07:18:16.357Z] error: Host validation failed for: firebat.taild1c700.ts.net. Hint: Set the HOMEPAGE_ALLOWED_HOSTS environment variable to allow requests from this host / port.
[2026-06-24T07:18:16.359Z] error: Host validation failed for: firebat.taild1c700.ts.net. Hint: Set the HOMEPAGE_ALLOWED_HOSTS environment variable to allow requests from this host / port.
[2026-06-24T07:18:17.838Z] error: Host validation failed for: firebat.taild1c700.ts.net. Hint: Set the HOMEPAGE_ALLOWED_HOSTS environment variable to allow requests from this host / port.
[2026-06-24T20:29:11.931Z] error: Host validation failed for: firebat.taild1c700.ts.net. Hint: Set the HOMEPAGE_ALLOWED_HOSTS environment variable to allow requests from this host / port.
[2026-06-24T20:29:12.005Z] error: Host validation failed for: firebat.taild1c700.ts.net. Hint: Set the HOMEPAGE_ALLOWED_HOSTS environment variable to allow requests from this host / port.
[2026-06-24T20:29:12.007Z] error: Host validation failed for: firebat.taild1c700.ts.net. Hint: Set the HOMEPAGE_ALLOWED_HOSTS environment variable to allow requests from this host / port.
[2026-06-24T20:29:12.008Z] error: Host validation failed for: firebat.taild1c700.ts.net. Hint: Set the HOMEPAGE_ALLOWED_HOSTS environment variable to allow requests from this host / port.
[2026-06-24T20:29:12.009Z] error: Host validation failed for: firebat.taild1c700.ts.net. Hint: Set the HOMEPAGE_ALLOWED_HOSTS environment variable to allow requests from this host / port.
[2026-06-24T20:29:12.012Z] error: Host validation failed for: firebat.taild1c700.ts.net. Hint: Set the HOMEPAGE_ALLOWED_HOSTS environment variable to allow requests from this host / port.
[2026-06-24T20:29:12.013Z] error: Host validation failed for: firebat.taild1c700.ts.net. Hint: Set the HOMEPAGE_ALLOWED_HOSTS environment variable to allow requests from this host / port.
[2026-06-24T20:29:12.015Z] error: Host validation failed for: firebat.taild1c700.ts.net. Hint: Set the HOMEPAGE_ALLOWED_HOSTS environment variable to allow requests from this host / port.
[2026-06-24T20:29:12.016Z] error: Host validation failed for: firebat.taild1c700.ts.net. Hint: Set the HOMEPAGE_ALLOWED_HOSTS environment variable to allow requests from this host / port.
[2026-06-24T20:29:12.018Z] error: Host validation failed for: firebat.taild1c700.ts.net. Hint: Set the HOMEPAGE_ALLOWED_HOSTS environment variable to allow requests from this host / port.
[2026-06-24T20:29:12.020Z] error: Host validation failed for: firebat.taild1c700.ts.net. Hint: Set the HOMEPAGE_ALLOWED_HOSTS environment variable to allow requests from this host / port.
[2026-06-24T20:29:12.213Z] error: Host validation failed for: firebat.taild1c700.ts.net. Hint: Set the HOMEPAGE_ALLOWED_HOSTS environment variable to allow requests from this host / port.
[2026-06-24T20:57:26.727Z] error: Host validation failed for: firebat.taild1c700.ts.net. Hint: Set the HOMEPAGE_ALLOWED_HOSTS environment variable to allow requests from this host / port.
[2026-06-24T20:57:26.787Z] error: Host validation failed for: firebat.taild1c700.ts.net. Hint: Set the HOMEPAGE_ALLOWED_HOSTS environment variable to allow requests from this host / port.
[2026-06-24T20:57:26.788Z] error: Host validation failed for: firebat.taild1c700.ts.net. Hint: Set the HOMEPAGE_ALLOWED_HOSTS environment variable to allow requests from this host / port.
[2026-06-24T20:57:26.790Z] error: Host validation failed for: firebat.taild1c700.ts.net. Hint: Set the HOMEPAGE_ALLOWED_HOSTS environment variable to allow requests from this host / port.
[2026-06-24T20:57:26.791Z] error: Host validation failed for: firebat.taild1c700.ts.net. Hint: Set the HOMEPAGE_ALLOWED_HOSTS environment variable to allow requests from this host / port.
[2026-06-24T20:57:26.793Z] error: Host validation failed for: firebat.taild1c700.ts.net. Hint: Set the HOMEPAGE_ALLOWED_HOSTS environment variable to allow requests from this host / port.
[2026-06-24T20:57:26.794Z] error: Host validation failed for: firebat.taild1c700.ts.net. Hint: Set the HOMEPAGE_ALLOWED_HOSTS environment variable to allow requests from this host / port.
[2026-06-24T20:57:26.798Z] error: Host validation failed for: firebat.taild1c700.ts.net. Hint: Set the HOMEPAGE_ALLOWED_HOSTS environment variable to allow requests from this host / port.
[2026-06-24T20:57:26.986Z] error: Host validation failed for: firebat.taild1c700.ts.net. Hint: Set the HOMEPAGE_ALLOWED_HOSTS environment variable to allow requests from this host / port.
[2026-06-24T20:57:26.987Z] error: Host validation failed for: firebat.taild1c700.ts.net. Hint: Set the HOMEPAGE_ALLOWED_HOSTS environment variable to allow requests from this host / port.
[2026-06-24T20:57:26.989Z] error: Host validation failed for: firebat.taild1c700.ts.net. Hint: Set the HOMEPAGE_ALLOWED_HOSTS environment variable to allow requests from this host / port.
[2026-06-24T20:57:26.994Z] error: Host validation failed for: firebat.taild1c700.ts.net. Hint: Set the HOMEPAGE_ALLOWED_HOSTS environment variable to allow requests from this host / port.
[2026-06-24T20:57:35.058Z] error: Host validation failed for: firebat.taild1c700.ts.net. Hint: Set the HOMEPAGE_ALLOWED_HOSTS environment variable to allow requests from this host / port.
[2026-06-24T20:57:35.121Z] error: Host validation failed for: firebat.taild1c700.ts.net. Hint: Set the HOMEPAGE_ALLOWED_HOSTS environment variable to allow requests from this host / port.
[2026-06-24T20:57:35.123Z] error: Host validation failed for: firebat.taild1c700.ts.net. Hint: Set the HOMEPAGE_ALLOWED_HOSTS environment variable to allow requests from this host / port.
[2026-06-24T20:57:35.125Z] error: Host validation failed for: firebat.taild1c700.ts.net. Hint: Set the HOMEPAGE_ALLOWED_HOSTS environment variable to allow requests from this host / port.
[2026-06-24T20:57:35.126Z] error: Host validation failed for: firebat.taild1c700.ts.net. Hint: Set the HOMEPAGE_ALLOWED_HOSTS environment variable to allow requests from this host / port.
[2026-06-24T20:57:35.128Z] error: Host validation failed for: firebat.taild1c700.ts.net. Hint: Set the HOMEPAGE_ALLOWED_HOSTS environment variable to allow requests from this host / port.
[2026-06-24T20:57:35.129Z] error: Host validation failed for: firebat.taild1c700.ts.net. Hint: Set the HOMEPAGE_ALLOWED_HOSTS environment variable to allow requests from this host / port.
[2026-06-24T20:57:35.131Z] error: Host validation failed for: firebat.taild1c700.ts.net. Hint: Set the HOMEPAGE_ALLOWED_HOSTS environment variable to allow requests from this host / port.
[2026-06-24T20:57:35.132Z] error: Host validation failed for: firebat.taild1c700.ts.net. Hint: Set the HOMEPAGE_ALLOWED_HOSTS environment variable to allow requests from this host / port.
[2026-06-24T20:57:35.134Z] error: Host validation failed for: firebat.taild1c700.ts.net. Hint: Set the HOMEPAGE_ALLOWED_HOSTS environment variable to allow requests from this host / port.
[2026-06-24T20:57:35.136Z] error: Host validation failed for: firebat.taild1c700.ts.net. Hint: Set the HOMEPAGE_ALLOWED_HOSTS environment variable to allow requests from this host / port.
[2026-06-24T20:57:35.138Z] error: Host validation failed for: firebat.taild1c700.ts.net. Hint: Set the HOMEPAGE_ALLOWED_HOSTS environment variable to allow requests from this host / port.
[2026-06-24T20:57:35.146Z] error: Host validation failed for: firebat.taild1c700.ts.net. Hint: Set the HOMEPAGE_ALLOWED_HOSTS environment variable to allow requests from this host / port.
[2026-06-24T20:57:53.052Z] error: Host validation failed for: firebat.taild1c700.ts.net. Hint: Set the HOMEPAGE_ALLOWED_HOSTS environment variable to allow requests from this host / port.
[2026-06-24T20:57:53.054Z] error: Host validation failed for: firebat.taild1c700.ts.net. Hint: Set the HOMEPAGE_ALLOWED_HOSTS environment variable to allow requests from this host / port.
[2026-06-24T20:57:53.057Z] error: Host validation failed for: firebat.taild1c700.ts.net. Hint: Set the HOMEPAGE_ALLOWED_HOSTS environment variable to allow requests from this host / port.
[2026-06-24T20:59:02.218Z] error: Host validation failed for: firebat.taild1c700.ts.net. Hint: Set the HOMEPAGE_ALLOWED_HOSTS environment variable to allow requests from this host / port.
[2026-06-24T20:59:02.221Z] error: Host validation failed for: firebat.taild1c700.ts.net. Hint: Set the HOMEPAGE_ALLOWED_HOSTS environment variable to allow requests from this host / port.
[2026-06-24T20:59:03.948Z] error: Host validation failed for: firebat.taild1c700.ts.net. Hint: Set the HOMEPAGE_ALLOWED_HOSTS environment variable to allow requests from this host / port.
[2026-06-24T20:59:03.957Z] error: Host validation failed for: firebat.taild1c700.ts.net. Hint: Set the HOMEPAGE_ALLOWED_HOSTS environment variable to allow requests from this host / port.
[2026-06-24T20:59:03.979Z] error: Host validation failed for: firebat.taild1c700.ts.net. Hint: Set the HOMEPAGE_ALLOWED_HOSTS environment variable to allow requests from this host / port.
[2026-06-24T20:59:03.980Z] error: Host validation failed for: firebat.taild1c700.ts.net. Hint: Set the HOMEPAGE_ALLOWED_HOSTS environment variable to allow requests from this host / port.
[2026-06-24T20:59:03.981Z] error: Host validation failed for: firebat.taild1c700.ts.net. Hint: Set the HOMEPAGE_ALLOWED_HOSTS environment variable to allow requests from this host / port.
[2026-06-24T20:59:03.983Z] error: Host validation failed for: firebat.taild1c700.ts.net. Hint: Set the HOMEPAGE_ALLOWED_HOSTS environment variable to allow requests from this host / port.
[2026-06-24T20:59:03.984Z] error: Host validation failed for: firebat.taild1c700.ts.net. Hint: Set the HOMEPAGE_ALLOWED_HOSTS environment variable to allow requests from this host / port.
[2026-06-24T20:59:03.985Z] error: Host validation failed for: firebat.taild1c700.ts.net. Hint: Set the HOMEPAGE_ALLOWED_HOSTS environment variable to allow requests from this host / port.
[2026-06-24T20:59:03.987Z] error: Host validation failed for: firebat.taild1c700.ts.net. Hint: Set the HOMEPAGE_ALLOWED_HOSTS environment variable to allow requests from this host / port.
[2026-06-24T20:59:03.989Z] error: Host validation failed for: firebat.taild1c700.ts.net. Hint: Set the HOMEPAGE_ALLOWED_HOSTS environment variable to allow requests from this host / port.
[2026-06-24T20:59:03.990Z] error: Host validation failed for: firebat.taild1c700.ts.net. Hint: Set the HOMEPAGE_ALLOWED_HOSTS environment variable to allow requests from this host / port.
[2026-06-24T20:59:03.991Z] error: Host validation failed for: firebat.taild1c700.ts.net. Hint: Set the HOMEPAGE_ALLOWED_HOSTS environment variable to allow requests from this host / port.
[2026-06-24T20:59:03.993Z] error: Host validation failed for: firebat.taild1c700.ts.net. Hint: Set the HOMEPAGE_ALLOWED_HOSTS environment variable to allow requests from this host / port.
[2026-06-24T20:59:03.997Z] error: Host validation failed for: firebat.taild1c700.ts.net. Hint: Set the HOMEPAGE_ALLOWED_HOSTS environment variable to allow requests from this host / port.
[2026-06-24T20:59:07.639Z] error: Host validation failed for: firebat.taild1c700.ts.net. Hint: Set the HOMEPAGE_ALLOWED_HOSTS environment variable to allow requests from this host / port.
[2026-06-24T20:59:07.646Z] error: Host validation failed for: firebat.taild1c700.ts.net. Hint: Set the HOMEPAGE_ALLOWED_HOSTS environment variable to allow requests from this host / port.
[2026-06-24T20:59:07.664Z] error: Host validation failed for: firebat.taild1c700.ts.net. Hint: Set the HOMEPAGE_ALLOWED_HOSTS environment variable to allow requests from this host / port.
[2026-06-24T20:59:07.665Z] error: Host validation failed for: firebat.taild1c700.ts.net. Hint: Set the HOMEPAGE_ALLOWED_HOSTS environment variable to allow requests from this host / port.
[2026-06-24T20:59:07.667Z] error: Host validation failed for: firebat.taild1c700.ts.net. Hint: Set the HOMEPAGE_ALLOWED_HOSTS environment variable to allow requests from this host / port.
[2026-06-24T20:59:07.669Z] error: Host validation failed for: firebat.taild1c700.ts.net. Hint: Set the HOMEPAGE_ALLOWED_HOSTS environment variable to allow requests from this host / port.
[2026-06-24T20:59:07.670Z] error: Host validation failed for: firebat.taild1c700.ts.net. Hint: Set the HOMEPAGE_ALLOWED_HOSTS environment variable to allow requests from this host / port.
[2026-06-24T20:59:07.671Z] error: Host validation failed for: firebat.taild1c700.ts.net. Hint: Set the HOMEPAGE_ALLOWED_HOSTS environment variable to allow requests from this host / port.
[2026-06-24T20:59:07.674Z] error: Host validation failed for: firebat.taild1c700.ts.net. Hint: Set the HOMEPAGE_ALLOWED_HOSTS environment variable to allow requests from this host / port.
[2026-06-24T20:59:07.675Z] error: Host validation failed for: firebat.taild1c700.ts.net. Hint: Set the HOMEPAGE_ALLOWED_HOSTS environment variable to allow requests from this host / port.
[2026-06-24T20:59:07.676Z] error: Host validation failed for: firebat.taild1c700.ts.net. Hint: Set the HOMEPAGE_ALLOWED_HOSTS environment variable to allow requests from this host / port.
[2026-06-24T20:59:07.678Z] error: Host validation failed for: firebat.taild1c700.ts.net. Hint: Set the HOMEPAGE_ALLOWED_HOSTS environment variable to allow requests from this host / port.
[2026-06-24T20:59:07.679Z] error: Host validation failed for: firebat.taild1c700.ts.net. Hint: Set the HOMEPAGE_ALLOWED_HOSTS environment variable to allow requests from this host / port.
[2026-06-24T20:59:07.683Z] error: Host validation failed for: firebat.taild1c700.ts.net. Hint: Set the HOMEPAGE_ALLOWED_HOSTS environment variable to allow requests from this host / port.
[2026-06-24T20:59:09.532Z] error: Host validation failed for: firebat.taild1c700.ts.net. Hint: Set the HOMEPAGE_ALLOWED_HOSTS environment variable to allow requests from this host / port.
[2026-06-24T20:59:09.540Z] error: Host validation failed for: firebat.taild1c700.ts.net. Hint: Set the HOMEPAGE_ALLOWED_HOSTS environment variable to allow requests from this host / port.
[2026-06-24T20:59:09.557Z] error: Host validation failed for: firebat.taild1c700.ts.net. Hint: Set the HOMEPAGE_ALLOWED_HOSTS environment variable to allow requests from this host / port.
[2026-06-24T20:59:09.558Z] error: Host validation failed for: firebat.taild1c700.ts.net. Hint: Set the HOMEPAGE_ALLOWED_HOSTS environment variable to allow requests from this host / port.
[2026-06-24T20:59:09.559Z] error: Host validation failed for: firebat.taild1c700.ts.net. Hint: Set the HOMEPAGE_ALLOWED_HOSTS environment variable to allow requests from this host / port.
[2026-06-24T20:59:09.560Z] error: Host validation failed for: firebat.taild1c700.ts.net. Hint: Set the HOMEPAGE_ALLOWED_HOSTS environment variable to allow requests from this host / port.
[2026-06-24T20:59:09.562Z] error: Host validation failed for: firebat.taild1c700.ts.net. Hint: Set the HOMEPAGE_ALLOWED_HOSTS environment variable to allow requests from this host / port.
[2026-06-24T20:59:09.564Z] error: Host validation failed for: firebat.taild1c700.ts.net. Hint: Set the HOMEPAGE_ALLOWED_HOSTS environment variable to allow requests from this host / port.
[2026-06-24T20:59:09.568Z] error: Host validation failed for: firebat.taild1c700.ts.net. Hint: Set the HOMEPAGE_ALLOWED_HOSTS environment variable to allow requests from this host / port.
[2026-06-24T20:59:09.569Z] error: Host validation failed for: firebat.taild1c700.ts.net. Hint: Set the HOMEPAGE_ALLOWED_HOSTS environment variable to allow requests from this host / port.
[2026-06-24T20:59:09.570Z] error: Host validation failed for: firebat.taild1c700.ts.net. Hint: Set the HOMEPAGE_ALLOWED_HOSTS environment variable to allow requests from this host / port.
[2026-06-24T20:59:09.572Z] error: Host validation failed for: firebat.taild1c700.ts.net. Hint: Set the HOMEPAGE_ALLOWED_HOSTS environment variable to allow requests from this host / port.
[2026-06-24T20:59:09.574Z] error: Host validation failed for: firebat.taild1c700.ts.net. Hint: Set the HOMEPAGE_ALLOWED_HOSTS environment variable to allow requests from this host / port.
[2026-06-24T20:59:09.577Z] error: Host validation failed for: firebat.taild1c700.ts.net. Hint: Set the HOMEPAGE_ALLOWED_HOSTS environment variable to allow requests from this host / port.
[2026-06-24T21:00:03.185Z] error: Host validation failed for: firebat.taild1c700.ts.net. Hint: Set the HOMEPAGE_ALLOWED_HOSTS environment variable to allow requests from this host / port.
[2026-06-24T21:00:03.187Z] error: Host validation failed for: firebat.taild1c700.ts.net. Hint: Set the HOMEPAGE_ALLOWED_HOSTS environment variable to allow requests from this host / port.
[2026-06-24T21:00:03.190Z] error: Host validation failed for: firebat.taild1c700.ts.net. Hint: Set the HOMEPAGE_ALLOWED_HOSTS environment variable to allow requests from this host / port.
[2026-06-24T21:13:18.788Z] error: Host validation failed for: firebat.taild1c700.ts.net. Hint: Set the HOMEPAGE_ALLOWED_HOSTS environment variable to allow requests from this host / port.
[2026-06-24T21:13:18.846Z] error: Host validation failed for: firebat.taild1c700.ts.net. Hint: Set the HOMEPAGE_ALLOWED_HOSTS environment variable to allow requests from this host / port.
[2026-06-24T21:13:18.847Z] error: Host validation failed for: firebat.taild1c700.ts.net. Hint: Set the HOMEPAGE_ALLOWED_HOSTS environment variable to allow requests from this host / port.
[2026-06-24T21:13:18.849Z] error: Host validation failed for: firebat.taild1c700.ts.net. Hint: Set the HOMEPAGE_ALLOWED_HOSTS environment variable to allow requests from this host / port.
[2026-06-24T21:13:18.851Z] error: Host validation failed for: firebat.taild1c700.ts.net. Hint: Set the HOMEPAGE_ALLOWED_HOSTS environment variable to allow requests from this host / port.
[2026-06-24T21:13:18.852Z] error: Host validation failed for: firebat.taild1c700.ts.net. Hint: Set the HOMEPAGE_ALLOWED_HOSTS environment variable to allow requests from this host / port.
[2026-06-24T21:13:18.853Z] error: Host validation failed for: firebat.taild1c700.ts.net. Hint: Set the HOMEPAGE_ALLOWED_HOSTS environment variable to allow requests from this host / port.
[2026-06-24T21:13:18.857Z] error: Host validation failed for: firebat.taild1c700.ts.net. Hint: Set the HOMEPAGE_ALLOWED_HOSTS environment variable to allow requests from this host / port.
[2026-06-24T21:13:19.051Z] error: Host validation failed for: firebat.taild1c700.ts.net. Hint: Set the HOMEPAGE_ALLOWED_HOSTS environment variable to allow requests from this host / port.
[2026-06-24T21:13:19.053Z] error: Host validation failed for: firebat.taild1c700.ts.net. Hint: Set the HOMEPAGE_ALLOWED_HOSTS environment variable to allow requests from this host / port.
[2026-06-24T21:13:19.055Z] error: Host validation failed for: firebat.taild1c700.ts.net. Hint: Set the HOMEPAGE_ALLOWED_HOSTS environment variable to allow requests from this host / port.
[2026-06-24T21:13:19.062Z] error: Host validation failed for: firebat.taild1c700.ts.net. Hint: Set the HOMEPAGE_ALLOWED_HOSTS environment variable to allow requests from this host / port.
[2026-06-24T21:13:28.645Z] error: Host validation failed for: firebat.taild1c700.ts.net. Hint: Set the HOMEPAGE_ALLOWED_HOSTS environment variable to allow requests from this host / port.
[2026-06-24T21:13:28.647Z] error: Host validation failed for: firebat.taild1c700.ts.net. Hint: Set the HOMEPAGE_ALLOWED_HOSTS environment variable to allow requests from this host / port.
[2026-06-24T21:13:45.877Z] error: Host validation failed for: firebat.taild1c700.ts.net. Hint: Set the HOMEPAGE_ALLOWED_HOSTS environment variable to allow requests from this host / port.
[2026-06-24T21:13:45.927Z] error: Host validation failed for: firebat.taild1c700.ts.net. Hint: Set the HOMEPAGE_ALLOWED_HOSTS environment variable to allow requests from this host / port.
[2026-06-24T21:13:45.929Z] error: Host validation failed for: firebat.taild1c700.ts.net. Hint: Set the HOMEPAGE_ALLOWED_HOSTS environment variable to allow requests from this host / port.
[2026-06-24T21:13:45.930Z] error: Host validation failed for: firebat.taild1c700.ts.net. Hint: Set the HOMEPAGE_ALLOWED_HOSTS environment variable to allow requests from this host / port.
[2026-06-24T21:13:45.931Z] error: Host validation failed for: firebat.taild1c700.ts.net. Hint: Set the HOMEPAGE_ALLOWED_HOSTS environment variable to allow requests from this host / port.
[2026-06-24T21:13:45.933Z] error: Host validation failed for: firebat.taild1c700.ts.net. Hint: Set the HOMEPAGE_ALLOWED_HOSTS environment variable to allow requests from this host / port.
[2026-06-24T21:13:45.935Z] error: Host validation failed for: firebat.taild1c700.ts.net. Hint: Set the HOMEPAGE_ALLOWED_HOSTS environment variable to allow requests from this host / port.
[2026-06-24T21:13:45.936Z] error: Host validation failed for: firebat.taild1c700.ts.net. Hint: Set the HOMEPAGE_ALLOWED_HOSTS environment variable to allow requests from this host / port.
[2026-06-24T21:13:45.937Z] error: Host validation failed for: firebat.taild1c700.ts.net. Hint: Set the HOMEPAGE_ALLOWED_HOSTS environment variable to allow requests from this host / port.
[2026-06-24T21:13:45.940Z] error: Host validation failed for: firebat.taild1c700.ts.net. Hint: Set the HOMEPAGE_ALLOWED_HOSTS environment variable to allow requests from this host / port.
[2026-06-24T21:13:45.941Z] error: Host validation failed for: firebat.taild1c700.ts.net. Hint: Set the HOMEPAGE_ALLOWED_HOSTS environment variable to allow requests from this host / port.
[2026-06-24T21:13:45.945Z] error: Host validation failed for: firebat.taild1c700.ts.net. Hint: Set the HOMEPAGE_ALLOWED_HOSTS environment variable to allow requests from this host / port.
[2026-06-24T21:13:45.955Z] error: Host validation failed for: firebat.taild1c700.ts.net. Hint: Set the HOMEPAGE_ALLOWED_HOSTS environment variable to allow requests from this host / port.
[2026-06-24T21:15:30.497Z] error: Host validation failed for: firebat.taild1c700.ts.net. Hint: Set the HOMEPAGE_ALLOWED_HOSTS environment variable to allow requests from this host / port.
[2026-06-24T21:15:30.498Z] error: Host validation failed for: firebat.taild1c700.ts.net. Hint: Set the HOMEPAGE_ALLOWED_HOSTS environment variable to allow requests from this host / port.
[2026-06-24T21:15:54.835Z] error: Host validation failed for: firebat.taild1c700.ts.net. Hint: Set the HOMEPAGE_ALLOWED_HOSTS environment variable to allow requests from this host / port.
[2026-06-24T21:15:54.837Z] error: Host validation failed for: firebat.taild1c700.ts.net. Hint: Set the HOMEPAGE_ALLOWED_HOSTS environment variable to allow requests from this host / port.
[2026-06-24T21:18:36.932Z] error: Host validation failed for: firebat.taild1c700.ts.net. Hint: Set the HOMEPAGE_ALLOWED_HOSTS environment variable to allow requests from this host / port.
[2026-06-24T21:18:36.935Z] error: Host validation failed for: firebat.taild1c700.ts.net. Hint: Set the HOMEPAGE_ALLOWED_HOSTS environment variable to allow requests from this host / port.
[2026-06-24T21:18:36.937Z] error: Host validation failed for: firebat.taild1c700.ts.net. Hint: Set the HOMEPAGE_ALLOWED_HOSTS environment variable to allow requests from this host / port.
[2026-06-24T21:18:40.383Z] error: Host validation failed for: firebat.taild1c700.ts.net. Hint: Set the HOMEPAGE_ALLOWED_HOSTS environment variable to allow requests from this host / port.
[2026-06-24T21:18:41.874Z] error: Host validation failed for: firebat.taild1c700.ts.net. Hint: Set the HOMEPAGE_ALLOWED_HOSTS environment variable to allow requests from this host / port.
[2026-06-24T21:18:41.901Z] error: Host validation failed for: firebat.taild1c700.ts.net. Hint: Set the HOMEPAGE_ALLOWED_HOSTS environment variable to allow requests from this host / port.
[2026-06-24T21:18:41.903Z] error: Host validation failed for: firebat.taild1c700.ts.net. Hint: Set the HOMEPAGE_ALLOWED_HOSTS environment variable to allow requests from this host / port.
[2026-06-24T21:18:41.904Z] error: Host validation failed for: firebat.taild1c700.ts.net. Hint: Set the HOMEPAGE_ALLOWED_HOSTS environment variable to allow requests from this host / port.
[2026-06-24T21:18:41.906Z] error: Host validation failed for: firebat.taild1c700.ts.net. Hint: Set the HOMEPAGE_ALLOWED_HOSTS environment variable to allow requests from this host / port.
[2026-06-24T21:18:41.908Z] error: Host validation failed for: firebat.taild1c700.ts.net. Hint: Set the HOMEPAGE_ALLOWED_HOSTS environment variable to allow requests from this host / port.
[2026-06-24T21:18:41.909Z] error: Host validation failed for: firebat.taild1c700.ts.net. Hint: Set the HOMEPAGE_ALLOWED_HOSTS environment variable to allow requests from this host / port.
[2026-06-24T21:18:41.910Z] error: Host validation failed for: firebat.taild1c700.ts.net. Hint: Set the HOMEPAGE_ALLOWED_HOSTS environment variable to allow requests from this host / port.
[2026-06-24T21:18:41.911Z] error: Host validation failed for: firebat.taild1c700.ts.net. Hint: Set the HOMEPAGE_ALLOWED_HOSTS environment variable to allow requests from this host / port.
[2026-06-24T21:18:41.914Z] error: Host validation failed for: firebat.taild1c700.ts.net. Hint: Set the HOMEPAGE_ALLOWED_HOSTS environment variable to allow requests from this host / port.
[2026-06-24T21:18:41.916Z] error: Host validation failed for: firebat.taild1c700.ts.net. Hint: Set the HOMEPAGE_ALLOWED_HOSTS environment variable to allow requests from this host / port.
[2026-06-24T21:18:41.918Z] error: Host validation failed for: firebat.taild1c700.ts.net. Hint: Set the HOMEPAGE_ALLOWED_HOSTS environment variable to allow requests from this host / port.
[2026-06-24T21:18:41.922Z] error: Host validation failed for: firebat.taild1c700.ts.net. Hint: Set the HOMEPAGE_ALLOWED_HOSTS environment variable to allow requests from this host / port.
[2026-06-24T21:20:02.836Z] error: Host validation failed for: firebat.taild1c700.ts.net. Hint: Set the HOMEPAGE_ALLOWED_HOSTS environment variable to allow requests from this host / port.
[2026-06-24T21:20:02.837Z] error: Host validation failed for: firebat.taild1c700.ts.net. Hint: Set the HOMEPAGE_ALLOWED_HOSTS environment variable to allow requests from this host / port.
[2026-06-24T21:20:08.688Z] error: Host validation failed for: firebat.taild1c700.ts.net. Hint: Set the HOMEPAGE_ALLOWED_HOSTS environment variable to allow requests from this host / port.
[2026-06-24T21:20:08.689Z] error: Host validation failed for: firebat.taild1c700.ts.net. Hint: Set the HOMEPAGE_ALLOWED_HOSTS environment variable to allow requests from this host / port.
[2026-06-24T21:20:08.693Z] error: Host validation failed for: firebat.taild1c700.ts.net. Hint: Set the HOMEPAGE_ALLOWED_HOSTS environment variable to allow requests from this host / port.
[2026-06-24T21:20:12.333Z] error: Host validation failed for: firebat.taild1c700.ts.net. Hint: Set the HOMEPAGE_ALLOWED_HOSTS environment variable to allow requests from this host / port.
[2026-06-24T21:20:12.352Z] error: Host validation failed for: firebat.taild1c700.ts.net. Hint: Set the HOMEPAGE_ALLOWED_HOSTS environment variable to allow requests from this host / port.
[2026-06-24T21:22:01.733Z] error: Host validation failed for: firebat.taild1c700.ts.net. Hint: Set the HOMEPAGE_ALLOWED_HOSTS environment variable to allow requests from this host / port.
[2026-06-24T21:22:01.735Z] error: Host validation failed for: firebat.taild1c700.ts.net. Hint: Set the HOMEPAGE_ALLOWED_HOSTS environment variable to allow requests from this host / port.
[2026-06-24T21:32:12.362Z] error: Host validation failed for: firebat.taild1c700.ts.net. Hint: Set the HOMEPAGE_ALLOWED_HOSTS environment variable to allow requests from this host / port.
[2026-06-24T21:32:12.363Z] error: Host validation failed for: firebat.taild1c700.ts.net. Hint: Set the HOMEPAGE_ALLOWED_HOSTS environment variable to allow requests from this host / port.
[2026-06-25T05:02:11.269Z] error: Host validation failed for: firebat.taild1c700.ts.net. Hint: Set the HOMEPAGE_ALLOWED_HOSTS environment variable to allow requests from this host / port.
[2026-06-25T05:02:11.270Z] error: Host validation failed for: firebat.taild1c700.ts.net. Hint: Set the HOMEPAGE_ALLOWED_HOSTS environment variable to allow requests from this host / port.
[2026-06-25T05:02:15.896Z] error: Host validation failed for: firebat.taild1c700.ts.net. Hint: Set the HOMEPAGE_ALLOWED_HOSTS environment variable to allow requests from this host / port.
[2026-06-25T05:02:15.947Z] error: Host validation failed for: firebat.taild1c700.ts.net. Hint: Set the HOMEPAGE_ALLOWED_HOSTS environment variable to allow requests from this host / port.
[2026-06-25T05:02:15.948Z] error: Host validation failed for: firebat.taild1c700.ts.net. Hint: Set the HOMEPAGE_ALLOWED_HOSTS environment variable to allow requests from this host / port.
[2026-06-25T05:02:15.950Z] error: Host validation failed for: firebat.taild1c700.ts.net. Hint: Set the HOMEPAGE_ALLOWED_HOSTS environment variable to allow requests from this host / port.
[2026-06-25T05:02:15.951Z] error: Host validation failed for: firebat.taild1c700.ts.net. Hint: Set the HOMEPAGE_ALLOWED_HOSTS environment variable to allow requests from this host / port.
[2026-06-25T05:02:15.952Z] error: Host validation failed for: firebat.taild1c700.ts.net. Hint: Set the HOMEPAGE_ALLOWED_HOSTS environment variable to allow requests from this host / port.
[2026-06-25T05:02:15.953Z] error: Host validation failed for: firebat.taild1c700.ts.net. Hint: Set the HOMEPAGE_ALLOWED_HOSTS environment variable to allow requests from this host / port.
[2026-06-25T05:02:15.957Z] error: Host validation failed for: firebat.taild1c700.ts.net. Hint: Set the HOMEPAGE_ALLOWED_HOSTS environment variable to allow requests from this host / port.
[2026-06-25T05:02:16.138Z] error: Host validation failed for: firebat.taild1c700.ts.net. Hint: Set the HOMEPAGE_ALLOWED_HOSTS environment variable to allow requests from this host / port.
[2026-06-25T05:02:16.139Z] error: Host validation failed for: firebat.taild1c700.ts.net. Hint: Set the HOMEPAGE_ALLOWED_HOSTS environment variable to allow requests from this host / port.
[2026-06-25T05:02:16.140Z] error: Host validation failed for: firebat.taild1c700.ts.net. Hint: Set the HOMEPAGE_ALLOWED_HOSTS environment variable to allow requests from this host / port.
[2026-06-25T05:02:16.158Z] error: Host validation failed for: firebat.taild1c700.ts.net. Hint: Set the HOMEPAGE_ALLOWED_HOSTS environment variable to allow requests from this host / port.
[2026-06-25T05:03:01.673Z] error: Host validation failed for: firebat.taild1c700.ts.net. Hint: Set the HOMEPAGE_ALLOWED_HOSTS environment variable to allow requests from this host / port.
[2026-06-25T05:03:01.675Z] error: Host validation failed for: firebat.taild1c700.ts.net. Hint: Set the HOMEPAGE_ALLOWED_HOSTS environment variable to allow requests from this host / port.
[2026-06-25T05:03:13.681Z] error: Host validation failed for: firebat.taild1c700.ts.net. Hint: Set the HOMEPAGE_ALLOWED_HOSTS environment variable to allow requests from this host / port.
[2026-06-25T05:03:13.682Z] error: Host validation failed for: firebat.taild1c700.ts.net. Hint: Set the HOMEPAGE_ALLOWED_HOSTS environment variable to allow requests from this host / port.
[2026-06-25T05:04:36.451Z] error: Host validation failed for: firebat.taild1c700.ts.net. Hint: Set the HOMEPAGE_ALLOWED_HOSTS environment variable to allow requests from this host / port.
[2026-06-25T05:04:36.452Z] error: Host validation failed for: firebat.taild1c700.ts.net. Hint: Set the HOMEPAGE_ALLOWED_HOSTS environment variable to allow requests from this host / port.
[2026-06-25T05:04:42.539Z] error: Host validation failed for: firebat.taild1c700.ts.net. Hint: Set the HOMEPAGE_ALLOWED_HOSTS environment variable to allow requests from this host / port.
[2026-06-25T05:04:42.540Z] error: Host validation failed for: firebat.taild1c700.ts.net. Hint: Set the HOMEPAGE_ALLOWED_HOSTS environment variable to allow requests from this host / port.
[2026-06-25T05:04:42.544Z] error: Host validation failed for: firebat.taild1c700.ts.net. Hint: Set the HOMEPAGE_ALLOWED_HOSTS environment variable to allow requests from this host / port.
[2026-06-25T08:09:02.521Z] error: Host validation failed for: firebat.taild1c700.ts.net. Hint: Set the HOMEPAGE_ALLOWED_HOSTS environment variable to allow requests from this host / port.
[2026-06-25T08:09:02.583Z] error: Host validation failed for: firebat.taild1c700.ts.net. Hint: Set the HOMEPAGE_ALLOWED_HOSTS environment variable to allow requests from this host / port.
[2026-06-25T08:09:02.585Z] error: Host validation failed for: firebat.taild1c700.ts.net. Hint: Set the HOMEPAGE_ALLOWED_HOSTS environment variable to allow requests from this host / port.
[2026-06-25T08:09:02.586Z] error: Host validation failed for: firebat.taild1c700.ts.net. Hint: Set the HOMEPAGE_ALLOWED_HOSTS environment variable to allow requests from this host / port.
[2026-06-25T08:09:02.587Z] error: Host validation failed for: firebat.taild1c700.ts.net. Hint: Set the HOMEPAGE_ALLOWED_HOSTS environment variable to allow requests from this host / port.
[2026-06-25T08:09:02.589Z] error: Host validation failed for: firebat.taild1c700.ts.net. Hint: Set the HOMEPAGE_ALLOWED_HOSTS environment variable to allow requests from this host / port.
[2026-06-25T08:09:02.590Z] error: Host validation failed for: firebat.taild1c700.ts.net. Hint: Set the HOMEPAGE_ALLOWED_HOSTS environment variable to allow requests from this host / port.
[2026-06-25T08:09:02.591Z] error: Host validation failed for: firebat.taild1c700.ts.net. Hint: Set the HOMEPAGE_ALLOWED_HOSTS environment variable to allow requests from this host / port.
[2026-06-25T08:09:02.593Z] error: Host validation failed for: firebat.taild1c700.ts.net. Hint: Set the HOMEPAGE_ALLOWED_HOSTS environment variable to allow requests from this host / port.
[2026-06-25T08:09:02.595Z] error: Host validation failed for: firebat.taild1c700.ts.net. Hint: Set the HOMEPAGE_ALLOWED_HOSTS environment variable to allow requests from this host / port.
[2026-06-25T08:09:02.596Z] error: Host validation failed for: firebat.taild1c700.ts.net. Hint: Set the HOMEPAGE_ALLOWED_HOSTS environment variable to allow requests from this host / port.
[2026-06-25T08:09:02.601Z] error: Host validation failed for: firebat.taild1c700.ts.net. Hint: Set the HOMEPAGE_ALLOWED_HOSTS environment variable to allow requests from this host / port.
[2026-06-25T08:09:02.613Z] error: Host validation failed for: firebat.taild1c700.ts.net. Hint: Set the HOMEPAGE_ALLOWED_HOSTS environment variable to allow requests from this host / port.
[2026-06-25T08:09:16.993Z] error: Host validation failed for: firebat.taild1c700.ts.net. Hint: Set the HOMEPAGE_ALLOWED_HOSTS environment variable to allow requests from this host / port.
[2026-06-25T08:09:16.995Z] error: Host validation failed for: firebat.taild1c700.ts.net. Hint: Set the HOMEPAGE_ALLOWED_HOSTS environment variable to allow requests from this host / port.
[2026-06-25T08:09:51.769Z] error: Host validation failed for: firebat.taild1c700.ts.net. Hint: Set the HOMEPAGE_ALLOWED_HOSTS environment variable to allow requests from this host / port.
[2026-06-25T08:09:51.771Z] error: Host validation failed for: firebat.taild1c700.ts.net. Hint: Set the HOMEPAGE_ALLOWED_HOSTS environment variable to allow requests from this host / port.
[2026-06-25T08:09:54.860Z] error: Host validation failed for: firebat.taild1c700.ts.net. Hint: Set the HOMEPAGE_ALLOWED_HOSTS environment variable to allow requests from this host / port.
[2026-06-25T08:09:54.918Z] error: Host validation failed for: firebat.taild1c700.ts.net. Hint: Set the HOMEPAGE_ALLOWED_HOSTS environment variable to allow requests from this host / port.
[2026-06-25T08:09:54.919Z] error: Host validation failed for: firebat.taild1c700.ts.net. Hint: Set the HOMEPAGE_ALLOWED_HOSTS environment variable to allow requests from this host / port.
[2026-06-25T08:09:54.920Z] error: Host validation failed for: firebat.taild1c700.ts.net. Hint: Set the HOMEPAGE_ALLOWED_HOSTS environment variable to allow requests from this host / port.
[2026-06-25T08:09:54.922Z] error: Host validation failed for: firebat.taild1c700.ts.net. Hint: Set the HOMEPAGE_ALLOWED_HOSTS environment variable to allow requests from this host / port.
[2026-06-25T08:09:54.924Z] error: Host validation failed for: firebat.taild1c700.ts.net. Hint: Set the HOMEPAGE_ALLOWED_HOSTS environment variable to allow requests from this host / port.
[2026-06-25T08:09:54.925Z] error: Host validation failed for: firebat.taild1c700.ts.net. Hint: Set the HOMEPAGE_ALLOWED_HOSTS environment variable to allow requests from this host / port.
[2026-06-25T08:09:54.927Z] error: Host validation failed for: firebat.taild1c700.ts.net. Hint: Set the HOMEPAGE_ALLOWED_HOSTS environment variable to allow requests from this host / port.
[2026-06-25T08:09:54.929Z] error: Host validation failed for: firebat.taild1c700.ts.net. Hint: Set the HOMEPAGE_ALLOWED_HOSTS environment variable to allow requests from this host / port.
[2026-06-25T08:09:54.930Z] error: Host validation failed for: firebat.taild1c700.ts.net. Hint: Set the HOMEPAGE_ALLOWED_HOSTS environment variable to allow requests from this host / port.
[2026-06-25T08:09:54.931Z] error: Host validation failed for: firebat.taild1c700.ts.net. Hint: Set the HOMEPAGE_ALLOWED_HOSTS environment variable to allow requests from this host / port.
[2026-06-25T08:09:54.936Z] error: Host validation failed for: firebat.taild1c700.ts.net. Hint: Set the HOMEPAGE_ALLOWED_HOSTS environment variable to allow requests from this host / port.
[2026-06-25T08:09:54.946Z] error: Host validation failed for: firebat.taild1c700.ts.net. Hint: Set the HOMEPAGE_ALLOWED_HOSTS environment variable to allow requests from this host / port.
[2026-06-25T08:10:15.065Z] error: Host validation failed for: firebat.taild1c700.ts.net. Hint: Set the HOMEPAGE_ALLOWED_HOSTS environment variable to allow requests from this host / port.
[2026-06-25T08:10:15.067Z] error: Host validation failed for: firebat.taild1c700.ts.net. Hint: Set the HOMEPAGE_ALLOWED_HOSTS environment variable to allow requests from this host / port.
[2026-06-25T08:10:20.419Z] error: Host validation failed for: firebat.taild1c700.ts.net. Hint: Set the HOMEPAGE_ALLOWED_HOSTS environment variable to allow requests from this host / port.
[2026-06-25T08:10:20.421Z] error: Host validation failed for: firebat.taild1c700.ts.net. Hint: Set the HOMEPAGE_ALLOWED_HOSTS environment variable to allow requests from this host / port.
[2026-06-25T08:36:16.823Z] error: Host validation failed for: firebat.taild1c700.ts.net. Hint: Set the HOMEPAGE_ALLOWED_HOSTS environment variable to allow requests from this host / port.
[2026-06-25T08:36:16.874Z] error: Host validation failed for: firebat.taild1c700.ts.net. Hint: Set the HOMEPAGE_ALLOWED_HOSTS environment variable to allow requests from this host / port.
[2026-06-25T08:36:16.876Z] error: Host validation failed for: firebat.taild1c700.ts.net. Hint: Set the HOMEPAGE_ALLOWED_HOSTS environment variable to allow requests from this host / port.
[2026-06-25T08:36:16.877Z] error: Host validation failed for: firebat.taild1c700.ts.net. Hint: Set the HOMEPAGE_ALLOWED_HOSTS environment variable to allow requests from this host / port.
[2026-06-25T08:36:16.878Z] error: Host validation failed for: firebat.taild1c700.ts.net. Hint: Set the HOMEPAGE_ALLOWED_HOSTS environment variable to allow requests from this host / port.
[2026-06-25T08:36:16.880Z] error: Host validation failed for: firebat.taild1c700.ts.net. Hint: Set the HOMEPAGE_ALLOWED_HOSTS environment variable to allow requests from this host / port.
[2026-06-25T08:36:16.881Z] error: Host validation failed for: firebat.taild1c700.ts.net. Hint: Set the HOMEPAGE_ALLOWED_HOSTS environment variable to allow requests from this host / port.
[2026-06-25T08:36:16.884Z] error: Host validation failed for: firebat.taild1c700.ts.net. Hint: Set the HOMEPAGE_ALLOWED_HOSTS environment variable to allow requests from this host / port.
[2026-06-25T08:36:16.886Z] error: Host validation failed for: firebat.taild1c700.ts.net. Hint: Set the HOMEPAGE_ALLOWED_HOSTS environment variable to allow requests from this host / port.
[2026-06-25T08:36:16.888Z] error: Host validation failed for: firebat.taild1c700.ts.net. Hint: Set the HOMEPAGE_ALLOWED_HOSTS environment variable to allow requests from this host / port.
[2026-06-25T08:36:16.890Z] error: Host validation failed for: firebat.taild1c700.ts.net. Hint: Set the HOMEPAGE_ALLOWED_HOSTS environment variable to allow requests from this host / port.
[2026-06-25T08:36:16.893Z] error: Host validation failed for: firebat.taild1c700.ts.net. Hint: Set the HOMEPAGE_ALLOWED_HOSTS environment variable to allow requests from this host / port.
[2026-06-25T08:36:16.904Z] error: Host validation failed for: firebat.taild1c700.ts.net. Hint: Set the HOMEPAGE_ALLOWED_HOSTS environment variable to allow requests from this host / port.
[2026-06-25T08:37:07.260Z] error: Host validation failed for: firebat.taild1c700.ts.net. Hint: Set the HOMEPAGE_ALLOWED_HOSTS environment variable to allow requests from this host / port.
[2026-06-25T08:37:07.261Z] error: Host validation failed for: firebat.taild1c700.ts.net. Hint: Set the HOMEPAGE_ALLOWED_HOSTS environment variable to allow requests from this host / port.
[2026-06-25T08:37:09.103Z] error: Host validation failed for: firebat.taild1c700.ts.net. Hint: Set the HOMEPAGE_ALLOWED_HOSTS environment variable to allow requests from this host / port.
[2026-06-25T08:37:13.966Z] error: Host validation failed for: firebat.taild1c700.ts.net. Hint: Set the HOMEPAGE_ALLOWED_HOSTS environment variable to allow requests from this host / port.
[2026-06-25T08:37:13.974Z] error: Host validation failed for: firebat.taild1c700.ts.net. Hint: Set the HOMEPAGE_ALLOWED_HOSTS environment variable to allow requests from this host / port.
[2026-06-25T08:37:34.104Z] error: Host validation failed for: firebat.taild1c700.ts.net. Hint: Set the HOMEPAGE_ALLOWED_HOSTS environment variable to allow requests from this host / port.
[2026-06-25T08:37:34.107Z] error: Host validation failed for: firebat.taild1c700.ts.net. Hint: Set the HOMEPAGE_ALLOWED_HOSTS environment variable to allow requests from this host / port.
[2026-06-25T08:38:03.035Z] error: Host validation failed for: firebat.taild1c700.ts.net. Hint: Set the HOMEPAGE_ALLOWED_HOSTS environment variable to allow requests from this host / port.
[2026-06-25T08:38:03.037Z] error: Host validation failed for: firebat.taild1c700.ts.net. Hint: Set the HOMEPAGE_ALLOWED_HOSTS environment variable to allow requests from this host / port.
[2026-06-25T08:38:03.040Z] error: Host validation failed for: firebat.taild1c700.ts.net. Hint: Set the HOMEPAGE_ALLOWED_HOSTS environment variable to allow requests from this host / port.
[2026-06-25T08:38:04.847Z] error: Host validation failed for: firebat.taild1c700.ts.net. Hint: Set the HOMEPAGE_ALLOWED_HOSTS environment variable to allow requests from this host / port.
[2026-06-25T08:38:04.860Z] error: Host validation failed for: firebat.taild1c700.ts.net. Hint: Set the HOMEPAGE_ALLOWED_HOSTS environment variable to allow requests from this host / port.
[2026-06-25T08:38:04.900Z] error: Host validation failed for: firebat.taild1c700.ts.net. Hint: Set the HOMEPAGE_ALLOWED_HOSTS environment variable to allow requests from this host / port.
[2026-06-25T08:38:04.902Z] error: Host validation failed for: firebat.taild1c700.ts.net. Hint: Set the HOMEPAGE_ALLOWED_HOSTS environment variable to allow requests from this host / port.
[2026-06-25T08:38:04.904Z] error: Host validation failed for: firebat.taild1c700.ts.net. Hint: Set the HOMEPAGE_ALLOWED_HOSTS environment variable to allow requests from this host / port.
[2026-06-25T08:38:04.905Z] error: Host validation failed for: firebat.taild1c700.ts.net. Hint: Set the HOMEPAGE_ALLOWED_HOSTS environment variable to allow requests from this host / port.
[2026-06-25T08:38:04.906Z] error: Host validation failed for: firebat.taild1c700.ts.net. Hint: Set the HOMEPAGE_ALLOWED_HOSTS environment variable to allow requests from this host / port.
[2026-06-25T08:38:04.909Z] error: Host validation failed for: firebat.taild1c700.ts.net. Hint: Set the HOMEPAGE_ALLOWED_HOSTS environment variable to allow requests from this host / port.
[2026-06-25T08:38:04.910Z] error: Host validation failed for: firebat.taild1c700.ts.net. Hint: Set the HOMEPAGE_ALLOWED_HOSTS environment variable to allow requests from this host / port.
[2026-06-25T08:38:04.911Z] error: Host validation failed for: firebat.taild1c700.ts.net. Hint: Set the HOMEPAGE_ALLOWED_HOSTS environment variable to allow requests from this host / port.
[2026-06-25T08:38:04.914Z] error: Host validation failed for: firebat.taild1c700.ts.net. Hint: Set the HOMEPAGE_ALLOWED_HOSTS environment variable to allow requests from this host / port.
[2026-06-25T08:38:04.915Z] error: Host validation failed for: firebat.taild1c700.ts.net. Hint: Set the HOMEPAGE_ALLOWED_HOSTS environment variable to allow requests from this host / port.
[2026-06-25T08:38:04.917Z] error: Host validation failed for: firebat.taild1c700.ts.net. Hint: Set the HOMEPAGE_ALLOWED_HOSTS environment variable to allow requests from this host / port.
[2026-06-25T08:38:04.920Z] error: Host validation failed for: firebat.taild1c700.ts.net. Hint: Set the HOMEPAGE_ALLOWED_HOSTS environment variable to allow requests from this host / port.
[2026-06-25T08:38:11.498Z] error: Host validation failed for: firebat.taild1c700.ts.net. Hint: Set the HOMEPAGE_ALLOWED_HOSTS environment variable to allow requests from this host / port.
[2026-06-25T08:38:11.500Z] error: Host validation failed for: firebat.taild1c700.ts.net. Hint: Set the HOMEPAGE_ALLOWED_HOSTS environment variable to allow requests from this host / port.
[2026-06-25T08:38:14.999Z] error: Host validation failed for: firebat.taild1c700.ts.net. Hint: Set the HOMEPAGE_ALLOWED_HOSTS environment variable to allow requests from this host / port.
[2026-06-25T08:38:15.086Z] error: Host validation failed for: firebat.taild1c700.ts.net. Hint: Set the HOMEPAGE_ALLOWED_HOSTS environment variable to allow requests from this host / port.
[2026-06-25T08:38:15.088Z] error: Host validation failed for: firebat.taild1c700.ts.net. Hint: Set the HOMEPAGE_ALLOWED_HOSTS environment variable to allow requests from this host / port.
[2026-06-25T08:38:15.090Z] error: Host validation failed for: firebat.taild1c700.ts.net. Hint: Set the HOMEPAGE_ALLOWED_HOSTS environment variable to allow requests from this host / port.
[2026-06-25T08:38:15.091Z] error: Host validation failed for: firebat.taild1c700.ts.net. Hint: Set the HOMEPAGE_ALLOWED_HOSTS environment variable to allow requests from this host / port.
[2026-06-25T08:38:15.094Z] error: Host validation failed for: firebat.taild1c700.ts.net. Hint: Set the HOMEPAGE_ALLOWED_HOSTS environment variable to allow requests from this host / port.
[2026-06-25T08:38:15.095Z] error: Host validation failed for: firebat.taild1c700.ts.net. Hint: Set the HOMEPAGE_ALLOWED_HOSTS environment variable to allow requests from this host / port.
[2026-06-25T08:38:15.096Z] error: Host validation failed for: firebat.taild1c700.ts.net. Hint: Set the HOMEPAGE_ALLOWED_HOSTS environment variable to allow requests from this host / port.
[2026-06-25T08:38:15.097Z] error: Host validation failed for: firebat.taild1c700.ts.net. Hint: Set the HOMEPAGE_ALLOWED_HOSTS environment variable to allow requests from this host / port.
[2026-06-25T08:38:15.099Z] error: Host validation failed for: firebat.taild1c700.ts.net. Hint: Set the HOMEPAGE_ALLOWED_HOSTS environment variable to allow requests from this host / port.
[2026-06-25T08:38:15.101Z] error: Host validation failed for: firebat.taild1c700.ts.net. Hint: Set the HOMEPAGE_ALLOWED_HOSTS environment variable to allow requests from this host / port.
[2026-06-25T08:38:15.111Z] error: Host validation failed for: firebat.taild1c700.ts.net. Hint: Set the HOMEPAGE_ALLOWED_HOSTS environment variable to allow requests from this host / port.
[2026-06-25T08:39:59.840Z] error: Host validation failed for: firebat.taild1c700.ts.net. Hint: Set the HOMEPAGE_ALLOWED_HOSTS environment variable to allow requests from this host / port.
[2026-06-25T08:39:59.842Z] error: Host validation failed for: firebat.taild1c700.ts.net. Hint: Set the HOMEPAGE_ALLOWED_HOSTS environment variable to allow requests from this host / port.
[2026-06-25T08:40:01.247Z] error: Host validation failed for: firebat.taild1c700.ts.net. Hint: Set the HOMEPAGE_ALLOWED_HOSTS environment variable to allow requests from this host / port.
[2026-06-25T08:40:01.257Z] error: Host validation failed for: firebat.taild1c700.ts.net. Hint: Set the HOMEPAGE_ALLOWED_HOSTS environment variable to allow requests from this host / port.
[2026-06-25T08:40:01.285Z] error: Host validation failed for: firebat.taild1c700.ts.net. Hint: Set the HOMEPAGE_ALLOWED_HOSTS environment variable to allow requests from this host / port.
[2026-06-25T08:40:01.286Z] error: Host validation failed for: firebat.taild1c700.ts.net. Hint: Set the HOMEPAGE_ALLOWED_HOSTS environment variable to allow requests from this host / port.
[2026-06-25T08:40:01.287Z] error: Host validation failed for: firebat.taild1c700.ts.net. Hint: Set the HOMEPAGE_ALLOWED_HOSTS environment variable to allow requests from this host / port.
[2026-06-25T08:40:01.289Z] error: Host validation failed for: firebat.taild1c700.ts.net. Hint: Set the HOMEPAGE_ALLOWED_HOSTS environment variable to allow requests from this host / port.
[2026-06-25T08:40:01.290Z] error: Host validation failed for: firebat.taild1c700.ts.net. Hint: Set the HOMEPAGE_ALLOWED_HOSTS environment variable to allow requests from this host / port.
[2026-06-25T08:40:01.292Z] error: Host validation failed for: firebat.taild1c700.ts.net. Hint: Set the HOMEPAGE_ALLOWED_HOSTS environment variable to allow requests from this host / port.
[2026-06-25T08:40:01.293Z] error: Host validation failed for: firebat.taild1c700.ts.net. Hint: Set the HOMEPAGE_ALLOWED_HOSTS environment variable to allow requests from this host / port.
[2026-06-25T08:40:01.294Z] error: Host validation failed for: firebat.taild1c700.ts.net. Hint: Set the HOMEPAGE_ALLOWED_HOSTS environment variable to allow requests from this host / port.
[2026-06-25T08:40:01.296Z] error: Host validation failed for: firebat.taild1c700.ts.net. Hint: Set the HOMEPAGE_ALLOWED_HOSTS environment variable to allow requests from this host / port.
[2026-06-25T08:40:01.298Z] error: Host validation failed for: firebat.taild1c700.ts.net. Hint: Set the HOMEPAGE_ALLOWED_HOSTS environment variable to allow requests from this host / port.
[2026-06-25T08:40:01.299Z] error: Host validation failed for: firebat.taild1c700.ts.net. Hint: Set the HOMEPAGE_ALLOWED_HOSTS environment variable to allow requests from this host / port.
[2026-06-25T08:40:01.304Z] error: Host validation failed for: firebat.taild1c700.ts.net. Hint: Set the HOMEPAGE_ALLOWED_HOSTS environment variable to allow requests from this host / port.
[2026-06-25T08:41:23.650Z] error: Host validation failed for: firebat.taild1c700.ts.net. Hint: Set the HOMEPAGE_ALLOWED_HOSTS environment variable to allow requests from this host / port.
[2026-06-25T08:41:23.651Z] error: Host validation failed for: firebat.taild1c700.ts.net. Hint: Set the HOMEPAGE_ALLOWED_HOSTS environment variable to allow requests from this host / port.
[2026-06-25T08:41:23.653Z] error: Host validation failed for: firebat.taild1c700.ts.net. Hint: Set the HOMEPAGE_ALLOWED_HOSTS environment variable to allow requests from this host / port.
[2026-06-25T08:41:23.654Z] error: Host validation failed for: firebat.taild1c700.ts.net. Hint: Set the HOMEPAGE_ALLOWED_HOSTS environment variable to allow requests from this host / port.
[2026-06-25T08:41:30.827Z] error: Host validation failed for: firebat.taild1c700.ts.net. Hint: Set the HOMEPAGE_ALLOWED_HOSTS environment variable to allow requests from this host / port.
[2026-06-25T08:41:30.828Z] error: Host validation failed for: firebat.taild1c700.ts.net. Hint: Set the HOMEPAGE_ALLOWED_HOSTS environment variable to allow requests from this host / port.
[2026-06-25T08:41:39.874Z] error: Host validation failed for: firebat.taild1c700.ts.net. Hint: Set the HOMEPAGE_ALLOWED_HOSTS environment variable to allow requests from this host / port.
[2026-06-25T08:41:39.877Z] error: Host validation failed for: firebat.taild1c700.ts.net. Hint: Set the HOMEPAGE_ALLOWED_HOSTS environment variable to allow requests from this host / port.
[2026-06-25T08:41:45.056Z] error: Host validation failed for: firebat.taild1c700.ts.net. Hint: Set the HOMEPAGE_ALLOWED_HOSTS environment variable to allow requests from this host / port.
[2026-06-25T08:41:45.058Z] error: Host validation failed for: firebat.taild1c700.ts.net. Hint: Set the HOMEPAGE_ALLOWED_HOSTS environment variable to allow requests from this host / port.
[2026-06-25T08:52:32.595Z] error: Host validation failed for: firebat.taild1c700.ts.net. Hint: Set the HOMEPAGE_ALLOWED_HOSTS environment variable to allow requests from this host / port.
[2026-06-25T08:52:32.678Z] error: Host validation failed for: firebat.taild1c700.ts.net. Hint: Set the HOMEPAGE_ALLOWED_HOSTS environment variable to allow requests from this host / port.
[2026-06-25T08:52:32.680Z] error: Host validation failed for: firebat.taild1c700.ts.net. Hint: Set the HOMEPAGE_ALLOWED_HOSTS environment variable to allow requests from this host / port.
[2026-06-25T08:52:32.681Z] error: Host validation failed for: firebat.taild1c700.ts.net. Hint: Set the HOMEPAGE_ALLOWED_HOSTS environment variable to allow requests from this host / port.
[2026-06-25T08:52:32.684Z] error: Host validation failed for: firebat.taild1c700.ts.net. Hint: Set the HOMEPAGE_ALLOWED_HOSTS environment variable to allow requests from this host / port.
[2026-06-25T08:52:32.686Z] error: Host validation failed for: firebat.taild1c700.ts.net. Hint: Set the HOMEPAGE_ALLOWED_HOSTS environment variable to allow requests from this host / port.
[2026-06-25T08:52:32.688Z] error: Host validation failed for: firebat.taild1c700.ts.net. Hint: Set the HOMEPAGE_ALLOWED_HOSTS environment variable to allow requests from this host / port.
[2026-06-25T08:52:32.689Z] error: Host validation failed for: firebat.taild1c700.ts.net. Hint: Set the HOMEPAGE_ALLOWED_HOSTS environment variable to allow requests from this host / port.
[2026-06-25T08:52:32.692Z] error: Host validation failed for: firebat.taild1c700.ts.net. Hint: Set the HOMEPAGE_ALLOWED_HOSTS environment variable to allow requests from this host / port.
[2026-06-25T08:52:32.694Z] error: Host validation failed for: firebat.taild1c700.ts.net. Hint: Set the HOMEPAGE_ALLOWED_HOSTS environment variable to allow requests from this host / port.
[2026-06-25T08:52:32.696Z] error: Host validation failed for: firebat.taild1c700.ts.net. Hint: Set the HOMEPAGE_ALLOWED_HOSTS environment variable to allow requests from this host / port.
[2026-06-25T08:52:32.701Z] error: Host validation failed for: firebat.taild1c700.ts.net. Hint: Set the HOMEPAGE_ALLOWED_HOSTS environment variable to allow requests from this host / port.
[2026-06-25T08:52:32.711Z] error: Host validation failed for: firebat.taild1c700.ts.net. Hint: Set the HOMEPAGE_ALLOWED_HOSTS environment variable to allow requests from this host / port.
[2026-06-25T08:53:02.353Z] error: Host validation failed for: firebat.taild1c700.ts.net. Hint: Set the HOMEPAGE_ALLOWED_HOSTS environment variable to allow requests from this host / port.
[2026-06-25T08:53:02.355Z] error: Host validation failed for: firebat.taild1c700.ts.net. Hint: Set the HOMEPAGE_ALLOWED_HOSTS environment variable to allow requests from this host / port.
[2026-06-25T08:58:27.553Z] error: Host validation failed for: firebat.taild1c700.ts.net. Hint: Set the HOMEPAGE_ALLOWED_HOSTS environment variable to allow requests from this host / port.
[2026-06-25T08:58:27.556Z] error: Host validation failed for: firebat.taild1c700.ts.net. Hint: Set the HOMEPAGE_ALLOWED_HOSTS environment variable to allow requests from this host / port.
[2026-06-25T08:58:27.560Z] error: Host validation failed for: firebat.taild1c700.ts.net. Hint: Set the HOMEPAGE_ALLOWED_HOSTS environment variable to allow requests from this host / port.
[2026-06-25T09:16:54.195Z] error: Host validation failed for: firebat.taild1c700.ts.net. Hint: Set the HOMEPAGE_ALLOWED_HOSTS environment variable to allow requests from this host / port.
[2026-06-25T09:16:54.197Z] error: Host validation failed for: firebat.taild1c700.ts.net. Hint: Set the HOMEPAGE_ALLOWED_HOSTS environment variable to allow requests from this host / port.
[2026-07-10T11:01:20.935Z] error: Host validation failed for: firebat.taild1c700.ts.net. Hint: Set the HOMEPAGE_ALLOWED_HOSTS environment variable to allow requests from this host / port.
[2026-07-10T11:01:21.512Z] error: Host validation failed for: firebat.taild1c700.ts.net. Hint: Set the HOMEPAGE_ALLOWED_HOSTS environment variable to allow requests from this host / port.
[2026-07-10T11:01:21.515Z] error: Host validation failed for: firebat.taild1c700.ts.net. Hint: Set the HOMEPAGE_ALLOWED_HOSTS environment variable to allow requests from this host / port.
[2026-07-10T11:01:21.522Z] error: Host validation failed for: firebat.taild1c700.ts.net. Hint: Set the HOMEPAGE_ALLOWED_HOSTS environment variable to allow requests from this host / port.
[2026-07-10T11:01:21.524Z] error: Host validation failed for: firebat.taild1c700.ts.net. Hint: Set the HOMEPAGE_ALLOWED_HOSTS environment variable to allow requests from this host / port.
[2026-07-10T11:01:21.527Z] error: Host validation failed for: firebat.taild1c700.ts.net. Hint: Set the HOMEPAGE_ALLOWED_HOSTS environment variable to allow requests from this host / port.
[2026-07-10T11:01:21.529Z] error: Host validation failed for: firebat.taild1c700.ts.net. Hint: Set the HOMEPAGE_ALLOWED_HOSTS environment variable to allow requests from this host / port.
[2026-07-10T11:01:21.532Z] error: Host validation failed for: firebat.taild1c700.ts.net. Hint: Set the HOMEPAGE_ALLOWED_HOSTS environment variable to allow requests from this host / port.
[2026-07-10T11:01:21.535Z] error: Host validation failed for: firebat.taild1c700.ts.net. Hint: Set the HOMEPAGE_ALLOWED_HOSTS environment variable to allow requests from this host / port.
[2026-07-10T11:01:21.538Z] error: Host validation failed for: firebat.taild1c700.ts.net. Hint: Set the HOMEPAGE_ALLOWED_HOSTS environment variable to allow requests from this host / port.
[2026-07-10T11:01:21.542Z] error: Host validation failed for: firebat.taild1c700.ts.net. Hint: Set the HOMEPAGE_ALLOWED_HOSTS environment variable to allow requests from this host / port.
[2026-07-10T11:01:21.669Z] error: Host validation failed for: firebat.taild1c700.ts.net. Hint: Set the HOMEPAGE_ALLOWED_HOSTS environment variable to allow requests from this host / port.
[2026-07-10T11:01:21.894Z] error: Host validation failed for: firebat.taild1c700.ts.net. Hint: Set the HOMEPAGE_ALLOWED_HOSTS environment variable to allow requests from this host / port.
[2026-07-10T11:01:31.075Z] error: Host validation failed for: firebat.taild1c700.ts.net. Hint: Set the HOMEPAGE_ALLOWED_HOSTS environment variable to allow requests from this host / port.
[2026-07-10T11:01:31.077Z] error: Host validation failed for: firebat.taild1c700.ts.net. Hint: Set the HOMEPAGE_ALLOWED_HOSTS environment variable to allow requests from this host / port.
[2026-07-10T22:24:26.619Z] error: Host validation failed for: firebat.taild1c700.ts.net. Hint: Set the HOMEPAGE_ALLOWED_HOSTS environment variable to allow requests from this host / port.
[2026-07-10T22:24:26.698Z] error: Host validation failed for: firebat.taild1c700.ts.net. Hint: Set the HOMEPAGE_ALLOWED_HOSTS environment variable to allow requests from this host / port.
[2026-07-10T22:24:26.700Z] error: Host validation failed for: firebat.taild1c700.ts.net. Hint: Set the HOMEPAGE_ALLOWED_HOSTS environment variable to allow requests from this host / port.
[2026-07-10T22:24:26.705Z] error: Host validation failed for: firebat.taild1c700.ts.net. Hint: Set the HOMEPAGE_ALLOWED_HOSTS environment variable to allow requests from this host / port.
[2026-07-10T22:24:26.705Z] error: Host validation failed for: firebat.taild1c700.ts.net. Hint: Set the HOMEPAGE_ALLOWED_HOSTS environment variable to allow requests from this host / port.
[2026-07-10T22:24:26.706Z] error: Host validation failed for: firebat.taild1c700.ts.net. Hint: Set the HOMEPAGE_ALLOWED_HOSTS environment variable to allow requests from this host / port.
[2026-07-10T22:24:26.707Z] error: Host validation failed for: firebat.taild1c700.ts.net. Hint: Set the HOMEPAGE_ALLOWED_HOSTS environment variable to allow requests from this host / port.
[2026-07-10T22:24:26.709Z] error: Host validation failed for: firebat.taild1c700.ts.net. Hint: Set the HOMEPAGE_ALLOWED_HOSTS environment variable to allow requests from this host / port.
[2026-07-10T22:24:26.885Z] error: Host validation failed for: firebat.taild1c700.ts.net. Hint: Set the HOMEPAGE_ALLOWED_HOSTS environment variable to allow requests from this host / port.
[2026-07-10T22:24:26.887Z] error: Host validation failed for: firebat.taild1c700.ts.net. Hint: Set the HOMEPAGE_ALLOWED_HOSTS environment variable to allow requests from this host / port.
[2026-07-10T22:24:26.887Z] error: Host validation failed for: firebat.taild1c700.ts.net. Hint: Set the HOMEPAGE_ALLOWED_HOSTS environment variable to allow requests from this host / port.
[2026-07-10T22:24:26.899Z] error: Host validation failed for: firebat.taild1c700.ts.net. Hint: Set the HOMEPAGE_ALLOWED_HOSTS environment variable to allow requests from this host / port.
[2026-07-22T19:28:49.901Z] error: Host validation failed for: firebat.taild1c700.ts.net. Hint: Set the HOMEPAGE_ALLOWED_HOSTS environment variable to allow requests from this host / port.
[2026-07-22T19:28:50.236Z] error: Host validation failed for: firebat.taild1c700.ts.net. Hint: Set the HOMEPAGE_ALLOWED_HOSTS environment variable to allow requests from this host / port.
[2026-07-22T19:28:50.238Z] error: Host validation failed for: firebat.taild1c700.ts.net. Hint: Set the HOMEPAGE_ALLOWED_HOSTS environment variable to allow requests from this host / port.
[2026-07-22T19:28:50.240Z] error: Host validation failed for: firebat.taild1c700.ts.net. Hint: Set the HOMEPAGE_ALLOWED_HOSTS environment variable to allow requests from this host / port.
[2026-07-22T19:28:50.242Z] error: Host validation failed for: firebat.taild1c700.ts.net. Hint: Set the HOMEPAGE_ALLOWED_HOSTS environment variable to allow requests from this host / port.
[2026-07-22T19:28:50.245Z] error: Host validation failed for: firebat.taild1c700.ts.net. Hint: Set the HOMEPAGE_ALLOWED_HOSTS environment variable to allow requests from this host / port.
[2026-07-22T19:28:50.248Z] error: Host validation failed for: firebat.taild1c700.ts.net. Hint: Set the HOMEPAGE_ALLOWED_HOSTS environment variable to allow requests from this host / port.
[2026-07-22T19:28:50.250Z] error: Host validation failed for: firebat.taild1c700.ts.net. Hint: Set the HOMEPAGE_ALLOWED_HOSTS environment variable to allow requests from this host / port.
[2026-07-22T19:28:50.437Z] error: Host validation failed for: firebat.taild1c700.ts.net. Hint: Set the HOMEPAGE_ALLOWED_HOSTS environment variable to allow requests from this host / port.
[2026-07-22T19:28:50.439Z] error: Host validation failed for: firebat.taild1c700.ts.net. Hint: Set the HOMEPAGE_ALLOWED_HOSTS environment variable to allow requests from this host / port.
[2026-07-22T19:28:50.441Z] error: Host validation failed for: firebat.taild1c700.ts.net. Hint: Set the HOMEPAGE_ALLOWED_HOSTS environment variable to allow requests from this host / port.
[2026-07-22T19:28:53.776Z] error: Host validation failed for: firebat.taild1c700.ts.net. Hint: Set the HOMEPAGE_ALLOWED_HOSTS environment variable to allow requests from this host / port.
[2026-07-23T23:20:03.001Z] error: Host validation failed for: firebat.taild1c700.ts.net. Hint: Set the HOMEPAGE_ALLOWED_HOSTS environment variable to allow requests from this host / port.
[2026-07-23T23:24:20.735Z] error: Host validation failed for: firebat.taild1c700.ts.net. Hint: Set the HOMEPAGE_ALLOWED_HOSTS environment variable to allow requests from this host / port.
[2026-07-23T23:26:25.927Z] error: Host validation failed for: firebat.taild1c700.ts.net. Hint: Set the HOMEPAGE_ALLOWED_HOSTS environment variable to allow requests from this host / port.
[2026-07-23T23:28:50.905Z] error: Host validation failed for: firebat.taild1c700.ts.net. Hint: Set the HOMEPAGE_ALLOWED_HOSTS environment variable to allow requests from this host / port.
